"town","address","tower_type","height","carrier_1","carrier_2","carrier_3","carrier_4","carrier_5","carrier_6","carrier_7","carrier_8","carrier_9"
"Avon","** Darling Drive","rooftop",,,,,,,,,,
"Bethel","*** Greenwood Avenue","rooftop","36",,,,,,,,,
"Darien","** Chestnut Street","water tank",,"Verizon @ 88.5'","AT&T @ 87'",,,,,,,
"Guilford","** Park Street","self-supporting lattice","100'",,,,,,,,,
"Hartford","** Church Street","rooftop",,,,,,,,,,
"Monroe","* Fan Hill Road","monopole","120","town @ var. hts.",,,,,,,,
"Norwich","** Church Street","rooftop",,,,,,,,,,
"Rocky Hill","**** Trout Brook Crossing","in-building DAS",,"T-Mobile @ 0'",,,,,,,,
"Stamford","*** Long Ridge Road","in-building","in-building","Cingular (in-building)",,,,,,,,
"West Hartford","*** Park Avenue","rooftop",,"Verizon @ 43'",,,,,,,,
"Glastonbury","**** New London Tpke.","tower","100'",,,,,,,,,
"Hartford","**** Main Sreet","rooftop small cell","80","Verizon @ 85'",,,,,,,,
"West Haven","***-*** Orange Avenue","smokestack",,"Nextel @ 74'","Verizon @ 84'",,,,,,,
"New Haven","*** Grand Avenue","steeple","59'","Nextel @ 59'",,,,,,,,
"Mansfield","North Eagleville Rd","self-supporting lattice","80","dps @ 65'","Cingular @ 80'/108'","T-Mobile @ 66.5'",,,,,,
"Plainville","Northwest Drive","utility pole","37","Verizon @ 37'",,,,,,,,
"Norwalk","* Selleck Street","rooftop",,"Verizon @ 90'",,,,,,,,
"Hamden","***-*** Putnam Avenue","rooftop",,"T-Mobile @ 119'","Sprint @ 89'",,,,,,,
"Stamford","** Bank Street","rooftop",,"T-Mobile @ 78'",,,,,,,,
"New Haven","*** Frank Street","utility pole","25","AT&T @ 24'",,,,,,,,
"Simsbury","*** Bushy Hill Road","utility pole","37","Verizon @ 37'",,,,,,,,
"Waterbury","*** Bishop Street","small cell","62","Verizon @ 69.8'","T-Mobile @ 96'","Sprint/Nextel @ 73' & 69'",,,,,,
"Newtown","** Berkshire Road, Route **","monopole","185","Cingular @ 177'","Verizon @ 185'","Sprint @ 165'","Nextel @ 150'","T-Mobile @ 145'","skytel @ 155'","MetroPCS @ 135'","DISH @ 135'",
"Glastonbury","*** Main Street","utility pole","29","Verizon @ 29.75'",,,,,,,,
"Manchester","*** Birch Mountain Road","water tower",,"Sprint @ 61'","Cingular/AT&T ?","Verizon @ ?",,,,,,
"Norwalk","** Fairview Ave","building mount","67","cablevision @ 73'",,,,,,,,
"Danbury","** Hospital Avenue","rooftop","185","Cingular @ 125'","Sprint @ 131'","T-Mobile @ 82/127/154'","Verizon @ 209'",,,,,
"New London","*** Colman Street","rooftop","134'",,,,,,,,,
"Bridgeport","*** Broadbridge Road","flagpole","100","Verizon @ 92 & 82'",,,,,,,,
"Naugatuck","East Side Blvd/** Peach Orchard Road - Prospect","guyed lattice","200","clearwire @ 180'","MetroPCS @ 170'","Verizon @ 155'",,,,,,
"Montville","Cook Drive","water tank","235'",,,,,,,,,
"Windham","*** Mansfield Avenue","utility pole","33","Verizon @ 33'",,,,,,,,
"Windsor","*** Rainbow Road","monopole","101'","Cingular @ 93'","Dish @ 65","T-Mobile @ 55'",,,,,,
"Wolcott","East St. & Rt. *** intersection","self-supporting lattice","120","dps @ 120'",,,,,,,,
"Branford","*** West Main St","monopole","130","Verizon @ 110'","Cingular/AT&T @ 100'","T-Mobile @ 130'","Sprint/Nextel @ 120",,,,,
"Windsor Locks","* Choice Road","utility pole","39","Verizon @ 39'",,,,,,,,
"Waterbury","*** Mattatuck Heights Rd","monopole","133","Verizon @ 110'","Nextel @ 120'","T-Mobile @ 100'","Dish @ 120'",,,,,
"Waterford","** Fargo Rd","monopole","183","Verizon @ 172.5'","T-Mobile @ 151'","Cingular/AT&T @ 163'","Dish @ 183'",,,,,
"Norwalk","West Cedar Street","utility pole","36","Verizon @ 36.9'",,,,,,,,
"Union","**** Buckley Highway","self-supporting lattice","168","Verizon @ 150'","Sprint @ 130'","Cingular/AT&T @ 120'","Dish @ 105'",,,,,
"Redding","** Great Oak Lane","stealth monopole","180","AT&T @ 167' & 177'","Verizon @ 148'","DISH @ 129'",,,,,,
"Waterbury","** Johnson Street","rooftop",,,,,,,,,,
"Southington","Rahlene Drive","power mount","91","Nextel @ 111'",,,,,,,,
"Torrington","*** Prospect St","building mount","45","AT&T @ 53'",,,,,,,,
"Willington","** Cosgrove Rd","self-supporting lattice","140","Verizon @ 140'","T-Mobile @ 125'","Nextel @ 115'","T-Mobile @ 101'","Dish @ 114'",,,,
"East Hartford","Riverside Drive","utlity pole","24'","Verizon @ 24'",,,,,,,,
"Orange","Ogg Meadow Road","monopole","160","metricom @ 70'","xm @ 105'(ant)/50'(dish)","Sprint @ 136'","Verizon @ 80'/161'","Cingular @ 146'","Nextel @ 117'","Dish @ 117'",,
"Middlefield","*** Meriden Road","monopole","152","Verizon @ 150'","Cingular/AT&T @ 130'","T-Mobile @ 137'",,,,,,
"Danbury","** Federal Road (aka *** Federal)","hotel sign",,"Nextel @ 72'","T-Mobile @ 80'",,,,,,,
"Somers","Shenipsit State Forest (Soapstone Mountain)","self-supporting lattice","60","dps @ ?",,,,,,,,
"New Canaan","** Pine Street","utility pole","37","Verizon @ 37'",,,,,,,,
"Hartford","* Clark Street","steeple",,"T-Mobile @ 64'",,,,,,,,
"Hartford","*** Main Street","rooftop",,"T-Mobile @ 181'",,,,,,,,
"Cromwell","** Glenwood Terrace","utility pole","30","Verizon @ 29.5'",,,,,,,,
"Glastonbury","Birch Mtn Rd","self-supporting lattice","120","dps/dep/oem @ 117'","Dish @ 134",,,,,,,
"Manchester","*** Progress Drive","rooftop",,"Sprint",,,,,,,,
"Brooklyn","*** Tatnic Hill Road","monopole","175","Verizon @ 178'","T-Mobile @ 140'","Dish @ 110'",,,,,,
"Sterling","Ekonk Hill Rd","self-supporting lattice","140","necs @ 65'","dps @ 140'","quin. Valley emerg @ 80'","T-Mobile @ 110'",,,,,
"Hartford","*** Woodland Street","rooftop","80'","Cingular @ 80'",,,,,,,,
"Stamford","** Commerce Road","rooftop",,,,,,,,,,
"New Haven","*** Fountain Street","rooftop",,"Sprint @ 98'",,,,,,,,
"East Windsor","** Chamberlain Road","monopole","120","Verizon @ 115'",,,,,,,,
"Stamford","*** West Main St","building mount","90","Verizon @ 75.1'","T-Mobile @ 60'",,,,,,,
"Meriden","*** Preston Ave","building mount","23","dps @ ?",,,,,,,,
"Lebanon","*** Waterman Road","wood pole","40","Verizon @ 36.8",,,,,,,,
"Tolland","** Industrial Park Road E","rooftop guyed lattice","105'",,,,,,,,,
"East Hartford","*** School Street","smokestack",,"T-Mobile @ 98'",,,,,,,,
"Brookfield","** Vale Road","monopole","165","AT&T @161'",,,,,,,,
"Killingly","*** Mechanic Street","rooftop monopole","79","Eversource @ 77'",,,,,,,,
"Andover","Hebron Road","power mount","82","Cingular/AT&T @ 82'",,,,,,,,
"Montville","*** Route **","rooftop","65'",,,,,,,,,
"Windsor Locks","** King Spring Rd","self-supporting lattice","100","continental catv @ 100'","Cingular/AT&T @ 100'",,,,,,,
"Hamden","Talmadge Road","guyed lattice","907","Sprint @ 200.6","DRW NX @ 650'",,,,,,,
"Essex","* (**) Main Street (Bringham Hill Road)","water tank",,"Cingular @ 107'","Verizon @ 105'","Sprint @ 118'",,,,,,
"Greenich","ROW along Davis Avenue between the Metro-North Railroad and I-** right-of-way","Utility pole","43","AT&T @ 42'",,,,,,,,
"Stamford","*** High Ridge Road","utility pole","37","Verizon @ 37'",,,,,,,,
"New Haven","*** Forbes Ave","monopole","86","Sprint @ 67.5'","T-Mobile @ 58'","MetroPCS @ 76.5'","clearwire @ 85'",,,,,
"Suffield","**** Mountain","monopole","192","Cingular/AT&T @ 175'","T-Mobile @ 182'","Nextel @ 192'",,,,,,
"Stratford","*** Huntington Road","steeple",,"T-Mobile @ 59'",,,,,,,,
"Bloomfield","** Burr Road","monopole","140","T-Mobile @ 127'","Verizon @ 117'","MetroPCS @ 137'","clearwire @ 97'","AT&T @ 107'",,,,
"Old Saybrook","*** Main Street","utility pole","37","Verizon @ 37'",,,,,,,,
"Wilton","*** School Road","monopole","123'","Verizon @ 120'",,,,,,,,
"Old Saybrook","** Main Street","small cell","22","Verizon @ 32'",,,,,,,,
"Middletown","** Industrial Park Road","monopole","185","Cingular @ 173'","T-Mobile @ 185'","Verizon @ 155'","Dish @ 165",,,,,
"Sharon","** Herb Road","monopole","110","Cingular @ 92'","state police @ 90'","Nextel @ 117'","T-Mobile @ 84'",,,,,
"East Haven","*** Foxon Road","other (flagpole)","100","Sprint @97'","T-Mobile @ 87'","Verizon @ 77'",,,,,,
"Danbury","** North Street","rooftop",,"MetroPCS @ 54'",,,,,,,,
"Wethersfield","** Kelleher Court","monopole","180","Cingular/AT&T @ 145'","Verizon @ 130'","Sprint @ 163'","Nextel @ 80'","T-Mobile @ 151'","DISh @ 110'",,,
"Woodbridge","**** Johnson Rd/**** Racebrook Road","monopole","150","town @ 150'","Nextel @ 117'","Verizon @ 127'","Cingular @ 102'","T-Mobile @ 138'",,,,
"Stamford","*** First Stamford Place","rooftop",,"Verizon @ 101'","MetroPCS @ 89'","Sprint @ 99'",,,,,,
"Naugatuck","**** New Haven Road","rooftop","62.5'","Cingular @ 43'","T-Mobile @ 65'","Verizon @ 51'",,,,,,
"Waterbury","*** Hamilton Avenue","rooftop",,"Verizon @ 27'",,,,,,,,
"South Windsor","**** Sullivan Avenue","rooftop","90'",,,,,,,,,
"Litchfield","*** Bantam Rd.(RT ***)","self-supporting lattice","180","T-Mobile @ 165'","lcd @ 120'","Sprint @ 170'","dps @ 177'","Cingular @ 160'",,,,
"Bridgeport","**** Noble Ave","flagpole","120","Nextel @ 89.5, 84.5","T-Mobile @ 107, 117'","Sprint/Nextel @ 96'","Dish @ 86'",,,,,
"New Britain","** Spring Street","rooftop",,"Sprint @ 73'",,,,,,,,
"East Windsor","*** Prospect Hill Road","tower","150'",,,,,,,,,
"Windsor","*** Matianuck Ave","monopole","100","Verizon @ 100'","clearwire @ 85'","AT&T @ 75'",,,,,,
"Fairfield","*** Woodhouse Rd","monopole","171","Verizon @ 158'","Cingular @ 144'","T-Mobile @ 138'","Cingular/AT&T @ 170'","pagenet @ 118'","ardis @ 119'","merticom @ 100'","xm 128' (ant)/75' (dish)","DISH @ 166"
"Guilford","*** Granite Road","monopole","110","Cingular @ 100'","Verizon @ 107'","MetroPCS @ 90'","Dish @ 77'",,,,,
"Stratford","Main Street","utility pole","37","Verizon @ 37.5'",,,,,,,,
"Manchester","** Church Street","steeple",,"Sprint @ 63'",,,,,,,,
"Westbrook","*** Essex Road","utility pole","27","Verizon @ 27'",,,,,,,,
"Waterbury","*** Union Street","in-building IP access",,"T-Mobile",,,,,,,,
"Plymouth","*** (***) North St.","monopole","187","Cingular @ 187'","dps @ 160'",,,,,,,
"Newtown","*** South Main St.","monopole","150","T-Mobile @ 140'",,,,,,,,
"Branford","*** North Main St","monopole","150","metricom @ 135'","Cingular @ 110'","pagenet @ 95'","Nextel @ 135'","tmobile @ 125'","MetroPCS @ 157'","DISH@136'",,
"Waterbury","*** (***) Garden Hill Circle","guyed lattice","280","T-Mobile @ 180'","Sprint/Nextel @ 130'","cl&p @ var.","Dish @ 192'",,,,,
"Wilton","** Danbury Road","rooftop",,"T-Mobile @ 86'",,,,,,,,
"Greenwich","Bruce Mem Golf Course/King St","self-supporting lattice","100","Verizon @ 100'",,,,,,,,
"Groton","Eastern Point Road - Pfizer","rooftop",,"Nextel @ 76'",,,,,,,,
"New Haven","** Prince Street","rooftop",,"Sprint @ 75'",,,,,,,,
"Stamford","** Knapp Street","rooftop",,"Verizon @ 66'","T-Mobile @ 73'",,,,,,,
"Bristol","*** Queen Street","utility pole","31","Verizon @ 31'",,,,,,,,
"Cheshire","*** South Main Street","utility pole","25","Verizon @ 24.5'",,,,,,,,
"Westport","*** Post Road East","in building",,"T-Mobile @ 0'",,,,,,,,
"Meriden","** Michael Drive","self-supporting lattice","120","clearwire @ 110'",,,,,,,,
"Norwich","*** Water Street","rooftop","15'","Cingular @ 60'",,,,,,,,
"Wallingford","** Masonic Avenue","small cell","57","Verizon @ 60'",,,,,,,,
"North Haven","*** Washington Ave","monopole","120","Verizon @ 120'","Sprint @ 104'; 117'","Dish @ 95'",,,,,,
"Stamford","One Omega Drive","in-building IP access",,"T-Mobile",,,,,,,,
"Prospect","*** New Haven Rd, Kluge Rd","monopole","160","Cingular @ 158'","Verizon @ 135'",,,,,,,
"Manchester","Olcott St.","self-supporting lattice","200","Sprint @ 120'","Verizon @ 115'",,,,,,,
"Newtown","* Park Lane","power mount","82'","T-Mobile @ 97'",,,,,,,,
"North Branford","** Parsonage Hill Rd","guyed lattice tower","300","clearwire @ 130'","Dish @ 162'",,,,,,,
"Colchester","*** Davidson Road","monopole","180'",,,,,,,,,
"Oxford","** Quaker Farms Road","monopole","150","Cingular @ 137'","Verizon @ 120'","T-Mobile @ 129'","DISH @ 111'",,,,,
"Stratford","** Sidney Street","billboard","65'","T-Mobile @ 60'","Verizon @ 67.9'","MetroPCS @ 58'",,,,,,
"Wethersfield","*** Silas Deane Highway","steeple",,"T-Mobile @ 45'",,,,,,,,
"Groton","*** Sandy Hollow Road","monopole","130","T-Mobile @ 127'","MetroPCS @ 117'","Verizon @ 117'","Dish @ 107'",,,,,
"Meriden","*** Chamberlain Highway","rooftop",,"Verizon @ 39'",,,,,,,,
"Old Saybrook","* Old Boston Post Road","utility pole","36","Verizon @ 36'",,,,,,,,
"Trumbull","** Quail Trail","power mount","95","T-Mobile @ 105'",,,,,,,,
"Ansonia","** South Cliff Street","church steeple",,"T-Mobile @ 92'",,,,,,,,
"Simsbury","*** Hopmeadow Road","self-supporting lattice","140","Cingular/AT&T @ 118'",,,,,,,,
"Hartford","*** Brainard Road","monopole","98","Cingular @ 98'","Verizon @ 88'","clearwire @ 78'","T-Mobile @78'",,,,,
"New Britain","Mill Street","utility pole","25","Verizon @ 25.4'",,,,,,,,
"East Hampton","** East High St","monopole","120","Verizon @ 105'","Cingular/AT&T @ 85'","Cingular @ 95'","Nextel @ 113'","T-Mobile @ 82'",,,,
"Bridgeport","Soundview Avenue","utility pole","36","Verizon @ 36'",,,,,,,,
"Waterbury","*** Whitewood Road","power mount","105","AT&T @ 105'",,,,,,,,
"Wilton","** Old Danbury Rd (Wilton RR Stn)","power mount","124","T-Mobile @ 119'",,,,,,,,
"Brooklyn","*** Tatnic Hill Rd","guyed lattice","80","Cingular @ 114'; 80'",,,,,,,,
"Plainville","** Sparks Street","monopole","125","Nextel @ 105'","Cingular @ 115'","MetroPCS @ 92'","Dish @ 103'",,,,,
"Waterbury","*** Hillside Avenue","rooftop",,"T-Mobile @ 106'",,,,,,,,
"Milford","*** Old Gate Road","monopole","120","Sprint/Nextel @ 120'","clearwire @ 120'","Verizon @ 100'","AT&T @ 83'",,,,,
"Danbury","** Lake Avenue Extension","rooftop",,"Verizon @ 48'",,,,,,,,
"New Haven","** Water Street","rooftop",,"Nextel @ 71.5'","Verizon @ 75'",,,,,,,
"Hartford","**** Park Street","rooftop",,"Sprint @ 40'",,,,,,,,
"East Haddam","** Haywardville Road","monopole","180","AT&T @ 177'","T-Mobile @ 160'",,,,,,,
"Glastonbury","**** Main Street","utility pole","29","Verizon @ 29'",,,,,,,,
"East Lyme","Nehantic Drive","utility pole","26","Verizon @ 26'",,,,,,,,
"Woodstock","*** Lebanon Hill Road","monopole","280","DISh @ 206'",,,,,,,,
"Tolland","*** Old Post Road","guyed lattice","150","Sprint @ 147'","AT&T @ 126'","T-Mobile @ 115'","Dish @ 113'",,,,,
"Southington","*** Center Street (Factory Square) (** West Center St)","rooftop",,"Verizon @ 48'","AT&T @ 69'",,,,,,,
"Old Lyme","*** Shore Road","monopole","110","T-Mobile @ 100'","AT&T @ 109'","Verizon @ 90'",,,,,,
"Farmington","**** New Britain Avenue","rooftop",,"T-Mobile @ 53'",,,,,,,,
"Shelton","Lane Street","monopine","120","Verizon @ 120'","dish @ 105'",,,,,,,
"Chaplin","*** Davis Road","monopole","162' 6""","Nextel @ 173'","Sprint @ 165'","Verizon @ 155'",,,,,,
"Greenwich","Off Station Dr","monopole","140","T-Mobile @ 162'",,,,,,,,
"New Haven","** Whalley Avenue","rooftop",,"new Cingular @ 92'","MetroPCS @ 120'",,,,,,,
"Bristol","*** Willis St","monopole","120","MetroPCS @ 100'","AT&T @ 124'",,,,,,,
"Farmington","Scott Swamp Road","utility pole","25","Verizon @ 25'",,,,,,,,
"North Haven","** Broadway","utility pole","37","Verizon @ 37'",,,,,,,,
"Mansfield","** Storrs Road","in-building IP access",,"T-Mobile",,,,,,,,
"Hartford","*** Summit Street","rooftop/faux chimney","77","Verizon @ 73'",,,,,,,,
"Montville","*** Pennsylvania Avenue","monopole",,"Nextel @ 179'",,,,,,,,
"Norwalk","** Prospect Street","utility pole","36","AT&T @ 36'",,,,,,,,
"Norwalk","** Willard Road","self-supporting lattice","350","Cingular @ 347'","Sprint @ 240'","AT&T/skytel @ 370'/200'","pagenet @ 350'","T-Mobile @ 262'","ardis @ 354.5'","greater norwalk radio @ 350'","MetroPCS newyork @ 230'","mediaflo @ 294'"
"Ansonia","** Birchwood Drive","gl","60","MetroPCS @ 55.5'",,,,,,,,
"West Haven","*** Oak Street","rooftop",,"Cingular @ 110'","Sprint @ 98'","Verizon @ 126'",,,,,,
"Shelton","** Daybreak Lane","power mount","72","Cingular @ 102'",,,,,,,,
"Meriden","***-*** East Main Street","rooftop",,"Sprint @ 90'","T-Mobile @ 88.5'",,,,,,,
"Southington","*** Meriden-Waterbury Turnpike","self-supporting lattice","120","Cingular @ 120'","Verizon @ 60'","Dish @ 100'",,,,,,
"North Branford","*** Clintonville road","Verizon","110","Verizon @ 110'",,,,,,,,
"Salem","** Maynard Hill Road","self-supporting lattice","100","Cingular/AT&T @ 70'","T-Mobile @ 82'",,,,,,,
"Portland","*** Middle Haddam Road","monopole","140","Verizon @ 130'","Cingular @ 117'","T-Mobile @ 137'","DISH @ 69'",,,,,
"Danbury","* Padanaram Road","utility pole","34","Verizon @ 34'",,,,,,,,
"Danbury","*** Mill Plain Road","rooftop",,"Nextel @ 68'","MetroPCS @ 69'",,,,,,,
"Bethany","*** Amity Rd/Troop I","self-supporting lattice","180","DPS @ 95-180'","T-Mobile @ 143'",,,,,,,
"Rocky Hill","*** Orchard Street","utility pole","18","Verizon @ 18'",,,,,,,,
"Milford","***-*** Wheelers Farms Rd","monopole","120","T-Mobile @ 110'","Verizon @ 110'","Cingular @ 95'","xm @ 112'","DISH @ 96'",,,,
"Southbury","** Peter Road","self-supporting lattice","120","town @ various",,,,,,,,
"New Haven","*** Blvd. Overpass","wood utility pole","79","ui @ 79'",,,,,,,,
"Ellington","*** Burbank Rd","self-supporting lattice","180","Verizon @ 170'","Cingular @ 150'","DISH@ 147'",,,,,,
"Vernon","** Wilson Lane","Silo",,"T-Mobile @ 70'","Nextel 160'",,,,,,,
"Enfield","*** Moody Rd","monopole","190","Sprint @ 168'","Cingular/AT&T @ 158'","Nextel @ 180'","T-Mobile @ 188'","MetroPCS @ 148'","DISH @ 177'",,,
"Bridgeport","*** Boston Avenue","utility pole","29","Verizon @ 29.3'",,,,,,,,
"South Windsor","Long Hill Road","utility pole","25","Verizon @ 25'",,,,,,,,
"Stamford","*** Main Street","rooftop",,"Verizon @ 48'",,,,,,,,
"East Lyme","*** Boston Post Road","water tower","70","Sprint @ 59'",,,,,,,,
"West Haven","*** Boston Post Road","utility pole","36","AT&T @ 36'",,,,,,,,
"Monroe","*** Old Newtown Road","lattice","293",,,,,,,,,
"Torrington","*** Wright Road","monopole","148","Sprint @ 148'","town @ 153'","Verizon @ 138'","Nextel @ 200'","AT&T @ 128'","T-Mobile @ 114'",,,
"Hamden","*** Circular Avenue","utility pole","42","Verizon @ 42.75'",,,,,,,,
"Windsor","** East Wintonbury Avenue","utility pole","32","Verizon @ 32'",,,,,,,,
"Greenwich","Davis Avenue","utility pole","28","Verizon @ 28'",,,,,,,,
"New Haven","** McKinley Avenue","in-building IP access",,"T-Mobile",,,,,,,,
"Watertown","*** Sunnyside Ave.","power mount","110","Sprint @ 110'",,,,,,,,
"Stamford","** Knapp Street","rooftop",,"Cingular @ 157'","T-Mobile @ 73'",,,,,,,
"East Hartford","**** Main Street","rooftop",,"Verizon @ 61'",,,,,,,,
"New Canaan","Park Street","utility pole","37","Verizon @ 37'",,,,,,,,
"Hamden","**** Wintergreen Ave (West Rock Park)(**** Wintergreen)","self-supporting lattice","250","Verizon @ 180'","marcus @ 250'/180'","Nextel @ 158'","Cingular/AT&T @ 108'","Sprint-Nextel @ 150'",,,,
"New Haven","*** Baldwin Drive(West Rock Ridge/**** Wintergreen Ave)","self-supporting lattice","120","dot/dps @ 120'","Cingular @ 77'","T-Mobile @ 95'","Sprint @ 71'",,,,,
"West Hartford","**** Asylum Avenue (*** Steele Road)","steeple",,"T-Mobile @ 93'",,,,,,,,
"New Haven","Edgewood Avenue","utility pole","24","Verizon @ 24'",,,,,,,,
"Greenwich","** Bowman Drive","water tank","114'",,,,,,,,,
"Stonington","*** Wilcox Road","monopole","100'","T-Mobile @ 97'","Dish @ 86'",,,,,,,
"Tolland","*** Bald Hill Road","self-supporting lattice","180","Cingular/AT&T @ 90'",,,,,,,,
"Southbury","*** Horse Fence Hill Rd.","monopole","150","Verizon @ 111'",,,,,,,,
"New Haven","**** Quinnipiac Ave.","wood utility pole","79","ui @ 79'",,,,,,,,
"Groton","*** Welles Road","monopole","180'","AT&T @ 176'","T-Mobile @ 117 & 108","Dish @ 108","Verizon @ 150'",,,,,
"Hartford","*** Main Street","rooftop",,"Verizon @ 61/58'",,,,,,,,
"Ridgefield","Cooper Hill Rd","power mount","82","T-Mobile @ 97'",,,,,,,,
"Killingly","Welsh Street","utility pole","36","Verizon @ 36'",,,,,,,,
"Meriden","*** Paddock Avenue","monopole","120","T-Mobile @117'","Verizon @ 107'","Dish @ 87'",,,,,,
"Suffield","*** North Street","water tower","85'","Cingular @ 85'","Verizon @ 98'",,,,,,,
"Danbury","Reserve Road","utility pole","23","Verizon @ 37'",,,,,,,,
"Vernon","** Windermere Avenue","small cell","16","Verizon @ 30.2'",,,,,,,,
"Enfield","* Oliver Road","monopole","160","Dish @ 127'",,,,,,,,
"New London","** Neptune Avenue","small cell","43","Verizon @ 40'",,,,,,,,
"Bridgeport","*** Wordin Avenue","rooftop",,"Verizon @ 60'",,,,,,,,
"Watertown","*** Georgetown Drive/Straits Turnpike","water tank","97","Cingular @ 110'","T-Mobile @ 95'","Sprint @ 93'",,,,,,
"Norwich","*** Plain Hill Road","self-supporting lattice",,,,,,,,,,
"New Britain","*** Whiting Street (*** Ellis Street)","smokestack",,"T-Mobile @ 114'","Sprint @ 95'",,,,,,,
"Kent","** Richards Road","monopole","135","AT&T @131'","Verizon @ 121'",,,,,,,
"woodbridge","*** Newton Road","monopole","100","Veriozon @ 100'",,,,,,,,
"Norwalk","** Rowayton Avenue","utility pole","35","Verizon @ 35.8'",,,,,,,,
"Greenwich","Sound Beach Avenue (CL&P #****)","power mount","95","Cingular/AT&T @ 107'",,,,,,,,
"Hartford","** Sigourney Street","rooftop",,"Verizon @ 108'",,,,,,,,
"Bridgeport","**** Boston Avenue (***-*** N. Ridgefield Ave)","rooftop",,"MetroPCS @ 50'","Sprint @48'",,,,,,,
"Meriden","* Undercliff Road","rooftop",,"Sprint @ 85'",,,,,,,,
"Darien","* Tower Drive","water tower","123'","Sprint @ 98'","Nextel @ 90'","Verizon @ 108'","T-Mobile @ 108'",,,,,
"Naugatuck","*** Great Hill Road","water tank",,"Cingular @ 47'","T-Mobile @ 45'",,,,,,,
"South Windsor","**** Ellington Road","water tank","100'","T-Mobile @ 105'","Sprint @80'",,,,,,,
"Hartford","**** Asylum Avenue","tower/rooftop",,,,,,,,,,
"Bridgeport","Berkshire Avenue","utility pole","42","Verizon @ 42.3'",,,,,,,,
"Stamford","** Myrtle Ave","power mount","120","Sprint @ 135'",,,,,,,,
"Weston","** Norfield Rd (Weston Town Hall)","monopole","190","Verizon @ 150'","Cingular @ 160'","T-Mobile @ 175'","Nextel @ 89'",,,,,
"Wolcott","**** Wolcott Road","self-supporting lattice","113'",,,,,,,,,
"Manchester","** Batson Drive","water tank",,"T-Mobile @ 90'",,,,,,,,
"Wallingford","*** (***) Northrop Road","monopole","150","xm @ 100'(ant)/15'(dish)","T-Mobile @ 137.5'","Cingular @ 127'","Cingular/AT&T @ 115'","Nextel @ 154'","DISH @ 115'",,,
"Stonington","*** North Anguilla Road","utility pole","24","Verizon @ 24.75'",,,,,,,,
"New Canaan","*** Soundview Lane","Stealth tree Monopine","85","AT&T @  81'","Verizon @ 71'",,,,,,,
"Middletown","**** Washington Street","rooftop",,"T-Mobile @ 56'","Sprint @ 63'",,,,,,,
"Southington","*** Old Turnpike Road","self-supporting lattice","254.5'","T-Mobile @ 154.5'",,,,,,,,
"Beacon Falls","** Rice Lane","monopole","160","T-Mobile @ 140'","Cingular/AT&T @ 132'","Verizon @ 162'","Sprint @ 150'","Dish @ 152'",,,,
"Westport","** Greens Farms Road","in-building IP access",,"T-Mobile",,,,,,,,
"Newington","****-**** Berlin Turnpike","small cell","32'8""","Verizon @ 31'6""",,,,,,,,
"Plainfield","*** Norwich Road","monopole","130","Sprint @ 127'","Cingular/AT&T @ 117'","Verizon @ 104'",,,,,,
"Hamden","*** (***) Mix Avenue","rooftop",,"Verizon @45.5'",,,,,,,,
"North Haven","*** Washington Ave","monopole","120","Cingular @ 120'","xm @ 110'","T-Mobile @ 110'",,,,,,
"Greenwich","* Sound Shore Drive","rooftop","60","MetroPCS @ 72'",,,,,,,,
"Trumbull","*** Edison Road","monopole","143","T-Mobile @ 130'","Town @ 143'","Verizon @ 109'","Dish @ 99'",,,,,
"Hartford","** Trumbull St","building mount",,"Cingular @ 210'",,,,,,,,
"Derby","** Olivia Street","rooftop",,"Cingular @ 81'",,,,,,,,
"Avon","*** Deercliff Road","guyed lattice","560","Nextel @ 260'","T-Mobile @ 250'","marcus @ 280'","lightsquared @ 557'","AT&T @ 200'","DISH @ 202'",,,
"Lisbon","** Mell Rd","monopole","187","Cingular @ 180'","DISH @ 173",,,,,,,
"Hartford","**** Main Street (** New Donald St)","rooftop",,"Sprint @ 114'","T-Mobile @ 98'",,,,,,,
"Mansfield","*** Stafford Road","utility pole","28","Verizon @ 28'",,,,,,,,
"Clinton","Cedar Island Avenue","utility pole","41","Verizon @ 41'",,,,,,,,
"Prospect","** Waterbury Road","guyed lattice","160","Cingular @ 120'","Nextel @ 152'",,,,,,,
"Trumbull","*** White Plains Road","utility pole","37","Verizon @ 37'",,,,,,,,
"Stratford","***-*** Honeyspot Rd.","monopole","90","metricom @ 68'","Cingular @ 90'","Verizon @ 80'","Sprint @ 72'","MetroPCS @ 101'","Dish @ 62'",,,
"Ridgefield","*** Danbury Road","rooftop","50","Verizon @ 47'",,,,,,,,
"Ridgefield","** East Ridge Road","monopole","130","Verizon @ 130'","Sprint @ 118'","T-Mobile @ 100'","Dish @ 118'",,,,,
"Stratford","York Street","utility pole","25","Verizon @ 25'",,,,,,,,
"New London","** Granite Street","rooftop","55'","Cingular @ ?",,,,,,,,
"Pomfret","*** Pomfret St","monopole","170","Verizon @ 157'","Sprint @ 167'","T-Mobile @ 147'",,,,,,
"New Milford","*** Ridge Rd/*** Ridge Road","self-supporting lattice","130","new mil catv @? (receive only)","T-Mobile @ 127'","charter @ ?",,,,,,
"Colchester","*** Old Hartford Road","silo","35'",,,,,,,,,
"Waterbury","*** South Main Street","utility pole","36","AT&T@ 36'",,,,,,,,
"Simsbury","** Wintonbury Rd.","self-supporting lattice","100","Sprint @ 80'","Nextel @ 73'","MetroPCS @ 87'",,,,,,
"Norwalk","** Richards Avenue","rooftop","89.9'","AT&T @ 121'","Sprint @ 99'","T-Mobile @ 97'","Verizon @ 89.9'","clearwire",,,,
"Coventry","**** (****) Main Street","self-supporting lattice","190","Verizon @ 150'","Nextel @ 120'",,,,,,,
"West Hartford","*** South Main Street","rooftop","21","Verizon @ 27.8'",,,,,,,,
"Fairfield","*** Pequot Avenue","steeple",,"Cingular @ 85'",,,,,,,,
"New London","** Manwaring Street","utility pole","37","Verizon @ 37'",,,,,,,,
"Washington","** Blackville Road","monopine","135","AT&T @ 126'","lcd @ 135'","T-Mobile @ 115","Verizon @ 100'",,,,,
"Old Lyme","**-* Boggy Hole Road","monopole","175","T-Mobile @ 172'","Cingular @ 152'","Verizon @ 162'","Nextel @ 132'","Dish @ 155'",,,,
"Tolland","Metcalf Road","utility pole","40","Verizon @ 40'",,,,,,,,
"East Granby","** Floydville Road","monopole","120","Cingular/AT&T @ 89'","T-Mobile @ 107'","Verizon @ 118'","MetroPCS @ 97'","Dish @ 97'",,,,
"Stafford","*** Hampden Road","guyed lattice","180'; 60'","Nextel @ 150'",,,,,,,,
"Waterford","*** Old Colchester","power mount","109","Cingular/AT&T @ 109'",,,,,,,,
"Barkhamsted","** Gavitt Road","monopole","170","AT&T @ 167'","Verizon @ 157'","T-Mobile @ 147'",,,,,,
"Stonington","** Jerry Brown Road","o-flagpole","160","T-Mobile @ 135'","Cingular/AT&T @ 125'","Nextel",,,,,,
"Norwich","*** Main Street","Building Mounted Monopole (Small cell)","85","Verizon @ 86.5'",,,,,,,,
"New Haven","** Shelton Avenue (** Shelton)","rooftop",,"T-Mobile @ 80'","Verizon @ 86/82'",,,,,,,
"Shelton","* Mountain View Drive","rooftop",,"T-Mobile @ 46'","Sprint @ 85'",,,,,,,
"New Britain","*** Grand Street","rooftop",,"T-Mobile @ 77'",,,,,,,,
"Putnam","* Livery Street","rooftop","90'",,,,,,,,,
"Norwalk","*** Rowayton Ave","monopole","95","Cingular/AT&T @ 98'",,,,,,,,
"Avon","*** Deercliff Road","guyed lattice","435",,,,,,,,,
"New Hartford","*** Southeast Road/** Garrett Ridge Drive","monopole","160","Sprint @ 150'","Cingular @ 130'","Verizon @ 160'","MetroPCS @ 110'","T-Mobile @ 150'",,,,
"Stamford","**** East Main Street","rooftop",,"Sprint @ 80'",,,,,,,,
"Glastonbury","**** Hebron Avenue","power mount","130","Verizon @ 150'",,,,,,,,
"Canaan","*** Route * South (Falls Village)","Monopine","150","Verizon @ 150'","AT&T @ 140'",,,,,,,
"Danbury","* Casper Street","in-building IP access",,"T-Mobile",,,,,,,,
"Redding","Mountain Road","power mount","68","T-Mobile @ 74.5'",,,,,,,,
"Berlin","**** Wilbur Cross Highway (Berlin Tpke)","monopole","180","Sprint @ 150'","Cingular/AT&T 168'","T-Mobile @ 160'","Verizon @ 118'",,,,,
"Meriden","West Peak Dr","self-supporting lattice","125","Cingular @ 131'","T-Mobile @ 127.5'","arrow bus @ 132'",,,,,,
"Newtown","** Main Street","utility pole","35","Verizon @ 35'",,,,,,,,
"Griswold","**** Glasgo Road","monopole","199","Verizon @ 197'","T-Mobile @ 185'","Dish @ 125'",,,,,,
"New Haven","*** Ferry Street","rooftop",,,,,,,,,,
"Ashford","** Janoski Road","self-supporting lattice","190","Verizon @ 180'","T-Mobile @ 151.8'","Cingular @ 140'","MetroPCS @ 160'","Sprint @ 190'","Dish @ 130'",,,
"Shelton","*** Beard Sawmill Road","rooftop",,"AT&T",,,,,,,,
"Windsor","**** Poquonock Avenue","rooftop cupola",,"T-Mobile @ 55'",,,,,,,,
"Fairfield","*** Tunxis Hill Road","rooftop",,"Verizon @ ?","Sprint @ 72' & 84'",,,,,,,
"Southington","**** Meriden-Waterbury Turnpike","rooftop small cell","25","Verizon @ 32'",,,,,,,,
"North Canaan","*** Main St","building mount","48","Cingular @ 44'","T-Mobile @ 47'",,,,,,,
"Tolland","*** Walbridge Hill Road","guyed lattice","75",,,,,,,,,
"Vernon","*** Hartford Tpk","rooftop",,"AT&T @ 50'","Sprint @ 66'","Nextel @ 62'","Verizon @ 63.3",,,,,
"Bridgeport","* Lincoln Blvd","stadium light pole",,"Sprint @ 95'",,,,,,,,
"Southbury","**** Old Waterbury Rd","monopole","230","Verizon @ 228'","T-Mobile @ 200'","Cingular @ 190'","Cingular/AT&T @ 185'","Sprint @ 175'","Dish @ 218",,,
"Rocky Hill","* (R***) West Street","monopole","100","Cingular @ 100'","Verizon @ 90'",,,,,,,
"New Haven","*** Orange Street","rooftop",,"T-Mobile @ 105'",,,,,,,,
"Greenwich","**** King Street","in-building IP access",,"T-Mobile",,,,,,,,
"Windsor Locks","* Bradley International Airport (Sheraton Hotel - Schoephoester Road)","rooftop","102","Verizon @ 43'","T-Mobile @ 101'","Sprint/Nextel @ 122'","Cingular @ 92'",,,,,
"Hamden","*** Woodin Street","monopole","120'","Verizon @ 120'","T-Mobile @ 110'",,,,,,,
"Wilton","Rivergate Drive","power mount","100","AT&T @ 103'",,,,,,,,
"Danbury","*** Triangle Street","utility pole","36","AT&T @ 36'",,,,,,,,
"East Lyme","*** Flanders Road","power mount","100","T-Mobile @ 97'",,,,,,,,
"Stamford","*** Weed Hill Avenue","water tank",,"T-Mobile @ 85'","Sprint/Nextel @ 85'","clearwire","Verizon @ 84'",,,,,
"Branford","*** East Main Street","wood pole","50","Eversource @49'",,,,,,,,
"Stonington","*** Al Harvey Road","monopole","180'","Verizon @ 167', 177'","DISH @ 157'",,,,,,,
"New Haven","*** Hamilton Street","rooftop",,"Sprint @ 63'",,,,,,,,
"Stamford","** Berkeley Street","utility pole","31","AT&T @ 31'",,,,,,,,
"New Haven","*** Howard Avenue","rooftop",,"T-Mobile @ 160'",,,,,,,,
"Weston","* Tall Pines Drive (Transmission Line Structure No. ***)","power mount","81'","AT&T @ 95'",,,,,,,,
"Fairfield","****-**** Black Rock Tpk.","flagpole","90","Sprint @ 98'","Nextel @ 75'","clearwire @ 69'",,,,,,
"New Haven","*** Forbes St.","building mount","75","Verizon @ 71.9'",,,,,,,,
"Farmington","** Maple Ridge Road","power mount","100","Sprint @ 100'","Cingular @ 88'",,,,,,,
"Hartford","*** Asylum Street","building mount","95","Verizon @ 107.9'",,,,,,,,
"Norwich","** Maennerchor Avenue","monopole","120","T-Mobile @ 117'","MetroPCS @ 120'","AT&T @ 128'","Verizon @ 100'","Dish @ 91'",,,,
"Hartland","** Welsh Road","lattice","180'","Verizon @ 180'","town @ 180'",,,,,,,
"Greenwich","*** West Putnam Avenue","utility pole","31","AT&T @ 31'",,,,,,,,
"Guilford","Moose Hill Road","monopole","110","T-Mobile @ 108'","Dish @ 97'",,,,,,,
"Hamden","**** Dixwell Avenue","utility pole","37","Verizon @ 37'",,,,,,,,
"Bridgeport","*** Arctic Street","rooftop",,"Cingular @ 128'",,,,,,,,
"Danbury","** South Street","utility pole","32","AT&T @ 31.5'",,,,,,,,
"Stamford","*** High Ridge Road","rooftop",,"AT&T",,,,,,,,
"New Haven","*** Grand Avenue","rooftop",,,,,,,,,,
"New Haven","** Chapel Street","utility pole","36","AT&T @ 36'",,,,,,,,
"West Haven","*** Saw Mill Road","rooftop","115'","Sprint @ 75'","Nextel @ 72'","Cingular @ ?","Sprint @ 75'",,,,,
"Plainfield","** Community Ave","smoke stack",,"T-Mobile @ 124'",,,,,,,,
"Norwalk","Price Avenue/Fairview Street","water tank","63'","Verizon @ 63'",,,,,,,,
"Stamford","** Seaview Avenue","rooftop",,"Verizon @ 100'","T-Mobile @ 109'","Sprint @ 111'",,,,,,
"Killingly","*** Providence Pike","guyed lattice","190","T-Mobile @ 140'","Verizon @ 187'","AT&T @ 154', 161', 168', 175'",,,,,,
"Danbury","** West St","building mount/lattice","70","Cingular @ 70'",,,,,,,,
"Naugatuck","*** Andrew Mountain Road","monopole","120","AT&T @ 116'","Verizon @ 106'","Dish @ 96'",,,,,,
"Torrington","*** University Drive","guyed lattice","300","AT&T @ 297'",,,,,,,,
"Waterford","** Oil Mill Road","power mount","99","T-Mobile @ 95'",,,,,,,,
"Bridgewater","** Wewaka Brook Road","monopole","170","AT&T @ 166'",,,,,,,,
"Norwalk","* Shirley Street, WNLK Radio","guyed lattice","336","Cingular @ 75'","clearwire","Verizon @ 101'","Dish @ 110'",,,,,
"Meriden","*** (***) East Main Street","rooftop",,"Cingular @ 75'","Sprint @ 73'","T-Mobile @ 64'","Nextel @ 71'","pagenet @ 62'","Verizon @ 60'","MetroPCS @ 60'",,
"Milford","Broad Street","utility pole","37","Verizon @ 37'",,,,,,,,
"Killingworth","Route **","self-supporting lattice","160","Verizon @ 160'/135'/125'/60'","Sprint @ 140'","Nextel @ 120'","Cingular/AT&T @ 92'","Dish @ 140'",,,,
"Woodbridge","** Woodfield Road","monopole",,"Cingular @ 98'","Verizon @ 90'","Dish @ 67'",,,,,,
"Enfield","*** Hazard Avenue","church steeple","115","Verizon @ 115'",,,,,,,,
"East Hartford","*** Silver Lane (Rentschler Field)","indoor/rooftop",,"Cingular (indoor)/150'","T-Mobile @ 163'","Nextel @ 155'","Verizon @ 102.8'",,,,,
"Bridgeport","**** Fairfield Avenue","smokestack","87","clearwire @ 81'",,,,,,,,
"Old Saybrook","* Custom Drive","small cell","24","Verizon @ 31.3'",,,,,,,,
"Stratford","Warner Hill Road","utility pole","37","Verizon @ 37'",,,,,,,,
"Hamden","*** Booth Terrace","self-supporting lattice","100",,,,,,,,,
"Hartford","*** Prospect Avenue","rooftop",,"T-Mobile @ 51'",,,,,,,,
"Fairfield","Route *** (Westport Turnpike) #***","power mount","81","T-Mobile @ 96'",,,,,,,,
"Stafford","** Brendan St","monopole","115","Verizon @ 113'","Sprint @ 100'","Cingular @ 90'","Nextel @ 76'","T-Mobile @ 123'",,,,
"Glastonbury","*** Birch Mountain Road","guyed lattice","220'","Verizon @ 180'/166'/155'/115'",,,,,,,,
"Hartford","*** Broad St. (State Armory)","guyed lattice","135","necs @ 68'","dps @ 114'","dep,dmv,dot,dps,dph,military,state&county fire @ 80-135'",,,,,,
"Stamford","*** Glenbrook Road","utility pole","36","AT&T @ 36'",,,,,,,,
"New Milford","* Elkington Farm Rd/Aspectuck Ave(Taylor Terrace)","monopole","150","Nextel @ 110'","Cingular/AT&T @ 120'","Cingular @ 152'","Verizon @ 133'","DISH @ 132'",,,,
"West Hartford","**** New Britain Avenue (West Farms Mall)","rooftop",,"Verizon @ 51.5'","T-Mobile @ 53'","AT&T",,,,,,
"Meriden","** West Peak Drive","self-supporting lattice","135","Sprint @ 70'",,,,,,,,
"Norwich","*** Salem Turnpike","in-building IP access",,"T-Mobile",,,,,,,,
"Bridgeport","Grovers Avenue","utility pole","24",,,,,,,,,
"Avon","** Montevideo Road","self-supporting lattice","150'","Sprint @ 147'","T-Mobile @ 137'",,,,,,,
"Milford","*** High Street (Laurelton Hall)","smokestack",,"Verizon @ 66.9'",,,,,,,,
"New Fairfield","*** Ball Pond Road","monopole","175","Nextel @ 150'","Verizon @ 125'","Cingular @ 135'","T-Mobile @ 145'","Dish @ 165'",,,,
"Wallingford","** North Airline Road","wood pole","43","Verizon @ 43'",,,,,,,,
"New Haven","*** Davenport Avenue","rooftop",,"usa mobility wireless",,,,,,,,
"Shelton","* Corporate Drive","rooftop",,"Sprint @ 110'","T-Mobile @ 137'","MetroPCS @ 155'",,,,,,
"Derby","** Fifth Street","steeple",,"Nextel @ 30'",,,,,,,,
"Hartford","*** Sisson Avenue","rooftop",,"Verizon @ 53'",,,,,,,,
"Stamford","**** East Main Street","rooftop","44","Verizon @ 43'",,,,,,,,
"Norwalk","*** Main Avenue","utility pole","32","AT&T @ 32'",,,,,,,,
"Berlin","*** Beckley Rd","monopole","150","Cingular @ 150'","Sprint @ 127'","T-Mobile @ 142'","Verizon @ 116'","Nextel @ 96'","DISH @105'",,,
"Portland","*** Bartlett Street","utility pole","24","Verizon @ 24'",,,,,,,,
"Ledyard","**** Route **","utility pole","23","Verizon @ 23.6'",,,,,,,,
"Bolton","*** Box Mountain","self-supporting lattice","450","mediaflo @ 379'","MetroPCS @ 200'","Clearwire @ 150'",,,,,,
"Windsor","**** Kennedy Road","small cell","29","Verizon @ 29'",,,,,,,,
"Woodstock","** West Quassett Rd.","monopole","150","Verizon @ 147'","AT&T @ 138'","Dish @ 127'",,,,,,
"Farmington","** Old Mountain Rd","monopole","63","Eversource @ 63'",,,,,,,,
"New Haven","*** College Street","rooftop",,"AT&T @ 200'",,,,,,,,
"Oxford","*** Oxford Rd","monopole","150","Verizon @ 130'","Cingular @ 140'","MetroPCS @ 117'","DISH @ 107",,,,,
"Manchester","** Clinton Street","utility pole","36","AT&T @ 36'",,,,,,,,
"Cheshire","**** Summit Road","monopole","170","Sprint @ 147'","T-Mobile @ 138'","Nextel @ 127.5'","Verizon @ 168'","Dish @ 123'",,,,
"Haddam","*** Plains Road (Turkey Hill Rd)","self-supporting lattice","180","Verizon @ 180'/174'/150'/125'/60'","Cingular @ 165'","Sprint @ 150'","T-Mobile @ 186'","Dish @ 140'",,,,
"South Windsor","*** Sullivan Avenue","rooftop small cell","36","Verizon @ 36'",,,,,,,,
"Newtown","Queen Street","utility pole","31","Verizon @ 31'",,,,,,,,
"Hartford","*** Westland Street","utility pole","32","AT&T @ 32'",,,,,,,,
"Derby","** (**) Pleasant View Road","flagpole","120'","T-Mobile @120'","Verizon @ 107'","MetroPCS @ 97'","clearwire @ 84'","Dish @ 97'",,,,
"Middletown","** Bartholomew Road","power mount","95","Cingular/AT&T @ 93'","T-Mobile @ 83'",,,,,,,
"Cromwell","Court Street","tower","48'",,,,,,,,,
"Stratford","*** Chapel Street","power mount","88","MetroPCS @ 104'",,,,,,,,
"Bridgeport","** Congress","rooftop",,,,,,,,,,
"Orange","*** Marsh Hill Road","self-supporting lattice","100","ui @ various hts.",,,,,,,,
"Brookfield","Obtuse Hill Road","utility pole","39","Verizon @ 39'",,,,,,,,
"West Hartford","*** North Main Street","rooftop","49'","Verizon @ 49'",,,,,,,,
"Trumbull","*** Quarry Road","power mount","150","Cingular/AT&T @ 153-160'","Sprint @ 100'",,,,,,,
"Ridgefield","** Halpin Lane","power mount","105","Cingular/AT&T @ 117'",,,,,,,,
"Clinton","** Cow Hill Road","self-supporting lattice","212","Verizon @ 208'/130'/60'","Sprint @ 196'","T-Mobile @ 135'","Nextel @ 175'","Cingular @ 190'","Dish @ 118'",,,
"Southington","** East Street","o-monopine","90","Verizon @ 80'",,,,,,,,
"East Hampton","North Maple Street","utility pole","28","Verizon @ 28'",,,,,,,,
"Windsor","Park Avenue","utility pole","30","Verizon @ 30'",,,,,,,,
"Stamford","** Hamilton Avenue","utility pole","43","AT&T @ 42'",,,,,,,,
"Norwalk","*** */* West Rocks Road (*** West Rock)","water tank","115","Sprint @ 98'","T-Mobile @ 49/92/108'","Verizon @ 94.2'","Cingular @ 70'/87'","Nextel @ 117.6'","T-Mobile @ 106'","Dish @ 96'",,
"Bethel","Stony Hill Road","utility pole","34","Verizon @ 34.4'",,,,,,,,
"Coventry","Foley Lane","monopole","140","Verizon @ 140'",,,,,,,,
"New London","*** Huntington Street","small cell","60","Verizon @ 59'",,,,,,,,
"Thompson","*** Quinebaug Road","monopole","130'","Cingular @ 130'","Verizon @ 120'","T-Mobile @ 105'",,,,,,
"Bloomfield","* Hoskins Rd. (St. Andrews Road)","self-supporting lattice","185","Cingular @ 161'","Sprint @ 80'","Verizon @ 150'","T-Mobile @ 140'","town police @ var.","DESPP @ 183'",,,
"Stamford","**** Washington Boulevard","rooftop",,"AT&T @ 87'",,,,,,,,
"Southington","*** Andrews St","power mount","100","Sprint @ 115'",,,,,,,,
"Middlebury","**** Wittemore Road","steeple","67","Verizon @ 67'",,,,,,,,
"Canterbury","** Cemetery Road","monopole","160","Verizon @ 157'",,,,,,,,
"New Britain","* Hartford Sq.","self-supporting lattice","175","Cingular @ 161'","Verizon @ 132'","northcoast @ 132'","DISH @ 130'",,,,,
"Stamford","** Strawberry Hill Avenue","rooftop","136","Verizon @ 136'",,,,,,,,
"Avon","*** Lovely Street","monopole","110","Cingular @ 107', 99', 91'","MetroPCS @ 75'","DISH @ 60, 67",,,,,,
"Trumbull","Indian Ledge Park","monopole","195","Sprint @ 165'","Cingular @ 190'","Nextel @ 135'","Verizon @ 155'","T-Mobile @ 145'","Dish @175'",,,
"West Hartford","*** Sherbrooke Avenue","rooftop",,"Verizon @ 49'",,,,,,,,
"Westport","*** Post Road","self-supporting lattice","180","dps @ 72'","Verizon @ 180'","Cingular @ 133'","T-Mobile @ 125'","Dish @ 144'",,,,
"Bristol","*** North Main Street","rooftop",,"Sprint @ 96'",,,,,,,,
"Norwalk","** Belden Avenue","rooftop","84'","AT&T @ 141","T-Mobile @ 110'","Verizon @ 84'","Nextel @ 98'","MetroPCS @ 91.5'","clearwireless","Sprint @ 90 & 96'",,
"Westport","*** Post Road West (Eversource #*****)","utility pole","34","AT&T @ 36'",,,,,,,,
"Norfolk","*** Winchester Rd","self-supporting lattice","180","dps @ 180'","lcd @ 147'","dps/AT&T @ 120'",,,,,,
"East Hartford","*** Connecticut Blvd","rooftop",,"Sprint @ 123'","T-Mobile @ 111'","Nextel @ 95'","Verizon @ 111'",,,,,
"Hebron","** Wall Street","flag-monopole","150","Verizon @ 135'","Cingular/AT&T @ 115'","Sprint @ 145'","DISH @ 145'",,,,,
"Stratford","*** East Main Street Rear","monopole","135","AT&T @ 132'","Verizon @ 121'","DISH @ 111'","T-Mobile @ 91'",,,,,
"East Lyme","Nehantic Drive","utility pole","26","Verizon @ 26'",,,,,,,,
"Bridgeport","**** North Avenue","rooftop","90","Nextel @ 90'","Verizon @ 100/94'",,,,,,,
"Norwalk","*** Connecticut Avenue","rooftop",,,,,,,,,,
"New Haven","*** (***) Peck Street","smokestack/rooftop","67.9'","Cingular @ 66'","Sprint @ 68'","Verizon @ 67.9'","Nextel @ 56'","T-Mobile @ 78'",,,,
"Guilford","*** Cooks Lane Rd, Totoket Ridge","self-supporting lattice","180","Cingular @ 152.5'","Verizon @ 175'","dps @ 127/130'",,,,,,
"Rocky Hill","**** Maple Street","utility pole","24","Verizon @ 24'",,,,,,,,
"Sherman","** Coote Hill Road","monopole","170","AT&T@ 166'",,,,,,,,
"Union","* Carion Road","monopole","180","Sprint @ 180'",,,,,,,,
"Hamden","*** Putnam Avenue","ballast mounted monopole","100","T-Mobile @ 95'",,,,,,,,
"Waterbury","**** Thomaston Avenue","smokestack",,"Sprint @ 124'","T-Mobile @ 148'",,,,,,,
"Stamford","Burwood Avenue","utility pole","37","Verizon @ 37'",,,,,,,,
"Bridgeport","*** Park Avenue (*** University Ave.)","rooftop",,"Sprint @ 119'","T-Mobile @ 140'",,,,,,,
"North Stonington","*** Boombridge Rd.","guyed lattice","180","Cingular @ 175-180'","Verizon @ 136'","DISh @ 153'",,,,,,
"Waterbury","** Cherry Street","smokestack",,"T-Mobile @ 137'",,,,,,,,
"Fairfield","*** Hawthorne Dr.","wood utility pole","79","UI @ 79'",,,,,,,,
"New Milford","Rt. ***, Russeling Rd/*** Parklane Road","guyed lattice power mount","68","T-Mobile @ 83'/76'4""",,,,,,,,
"East Haddam","*** Trowbridge Road/** Nichols Road","monopole","175","Cingular @ 170'",,,,,,,,
"Stonington","** Pequotsepos Road","water tower","117' & 92'",,,,,,,,,
"Mansfield","** Storrs Road","rooftop","42","Verizon @ 42'",,,,,,,,
"Middletown","Aircraft Road","guyed lattice","200","Nextel @ 170'",,,,,,,,
"Redding","*** Simpaug Turnpike (Parcel No. **-**","monopole","150","Verizon @ 146'",,,,,,,,
"Coventry","*** Main Street","monopole","102","Cingular @ 90'","Verizon @ 102'","T-Mobile@ 80'",,,,,,
"Danbury","**-** Hakim Street","rooftop",,"Nextel @ ?",,,,,,,,
"Willington","Schofield Road","self-supporting lattice","149'","Dish @ 145'","Verizon @ 135'",,,,,,,
"Norfolk","** Ashpohtag Road","monopole","150","Sprint @ 147.5'","Cingular @ 137'","Verizon @ 127'",,,,,,
"Westport","** Ford Road","in-building",,"T-Mobile",,,,,,,,
"Franklin","** Ayer Road","monopole","180'","Verizon @ 177'","T-Mobile @ 167'","Dish @ 125'",,,,,,
"New Haven","*** Court Street","rooftop",,"Nextel @ 217'",,,,,,,,
"Bristol","*** Terryville Avenue","monopole","170","Cingular/AT&T @ 170'","Sprint @ 150'","Verizon @ 140'","MetroPCS @ 156'","Dish@ 148'",,,,
"Glastonbury","**** Main Street","utility pole","38","Verizon @ 38'",,,,,,,,
"Burlington","** Monce Road","monopole","120","AT&T @ 110'","T-Mobile @ 100'","Verizon @ 91'","DISH @ 70'",,,,,
"Seymour","* Progress Ave","self-supporting lattice","280","T-Mobile @ 250'","Cingular/AT&T @ 160'","Verizon @ 140'",,,,,,
"East Haven","** Saltonstall Road","self-supporting lattice","100","clearwire @ 85'",,,,,,,,
"Milford","*** New Haven Avenue","utility pole","29","Verizon @ 29'",,,,,,,,
"Hartford","** Bodwell Street","utility pole","36","AT&T @ 36'",,,,,,,,
"Stamford","**** Summer Street","rooftop",,"T-Mobile @ 61'","MetroPCS @ 97'",,,,,,,
"Stamford","** Research Drive","satellite dishes",,"T-Mobile @ 119'",,,,,,,,
"Waterford","Waterford Parkway North","utility pole","24","Verizon @ 23.8'",,,,,,,,
"Branford","*** Brushy Plain Rd","monopole","154","T-Mobile @ 140'","Verizon @ 110'","Cingular @ 153'","DISH @ 103'",,,,,
"Brookfield","** Vale Road (Park Ridge Road)","power mount","100","T-Mobile @ 125'","Sprint @ 132'",,,,,,,
"Stamford","* Hubbard Avenue","utility pole","33","Verizon @ 32.8'",,,,,,,,
"Tolland","** Alta Vista Avenue","guyed lattice","35",,,,,,,,,
"Bridgeport","Broad Street","utility pole","32","Verizon @ 32.4'",,,,,,,,
"East Windsor","** Depot Street (** Pond Street)","water tower","131'","Cingular @ 115'","Nextel @ 123'","T-Mobile @ 115'","Verizon @ 102.5'",,,,,
"Milford","**** Boston Post Road","rooftop","45","T-Mobile @ 37' &43'",,,,,,,,
"Killingly","** Connecticut Mills Road","water tank",,"Cingular @ 115'",,,,,,,,
"Windham","*** Boston Post Road","in-building IP access",,"T-Mobile",,,,,,,,
"New Milford","** Chapin Road","ssl","247","CL&P @ var. hts.",,,,,,,,
"Manchester","*** Center St","monopole","128","Verizon @ 113'","xm @ 125(ant)/30(dish)","EyeTower @ 91', 89', 84'","Dish @ 95",,,,,
"Danbury","** Newtown Road","small cell","29","Verizon @ 31.2'",,,,,,,,
"Fairfield","** Black Rock Turnpike","water tower",,"Sprint @ 135'","Verizon @ 120.1'","T-Mobile @ 100''",,,,,,
"Wethersfield","*** Great Meadow Rd","building mount","121","Cingular @ 121'","Sprint @ 108'","T-Mobile @ 114'","Verizon @ 102'",,,,,
"Salisbury","*** Canaan Road","monopine","150","AT&T @146'",,,,,,,,
"Vernon","Harlow Street","utility pole","32","Verizon @ 32'",,,,,,,,
"Thomaston","*** Chapel Street","monopole","175","Sprint @ 162'","Verizon @ 152'","Cingular @ 142'","T-Mobile @ 172'","town @ 125'","state police @ 125'","Dish @ 130",,
"Hamden","**** Dixwell Avenue","rooftop",,"Sprint @ 62'",,,,,,,,
"Bloomfield","**** Day Hill Road","monopole","110","Verizon @ 110'","T-Mobile @ 100'",,,,,,,
"Plainfield","**-** Unity Road","monopole","160","Sprint @ 160'","Cingular/AT&T @ 150'","T-Mobile @ 137'","Verizon @ 127'","Dish @ 83'",,,,
"Danbury","** Newtown Road","monopole","110","Verizon @ 90'","Cingular @ 100'","MetroPCS @ 108'","DISH @ 80",,,,,
"Windsor Locks","** Spring St.","monopole","106","Cingular @ 46'","sri @ 44'","Cingular/AT&T @ 81'",,,,,,
"Ledyard","*** Colonel Ledyard Hgwy.","guyed lattice","347","AT&T @ 173'",,,,,,,,
"Montville","**** Route **","guyed lattice","1089","Cingular/AT&T @ 190'","MediaFLO @ 983.5'","DISH @ 400'","Dish @ 180",,,,,
"New Haven","** Maltby Street","utility pole","36","AT&T @ 36'",,,,,,,,
"Waterbury","*** (****) East Main Street","rooftop",,"T-Mobile @ 30'",,,,,,,,
"Marlborough","**-** North Main St","monopole","170","Verizon @ 158'","T-Mobile @ 100'","Sprint @ 132'","Nextel @ 167'","Cingular @ 147'","MetroPCS @ 135'","DISH @ 116'",,
"Hampton","*** Fisk Rd","guyed lattice","160","Verizon @ 142'","Cingular/AT&T @ 130'","T-Mobile @ 115'","Sprint @ 150'","Nextel @ 160'","DISH @ 120",,,
"Trumbull","**** Reservoir Avenue","rooftop",,"Cingular @ 42'",,,,,,,,
"Hartford","* State St","building mount","300","Verizon @ 315'",,,,,,,,
"East Haven","*** Foxon Road","building mount",,"Cingular @ 28'","T-Mobile @ 67'","Sprint @ 38.4'",,,,,,
"Farmington","** Maple Ridge Road","power mount","65","T-Mobile @ 77.5'",,,,,,,,
"Lyme","*** Hamburg Road","wooden pole","90'",,,,,,,,,
"Guilford","** Tanner Marsh Rd","monopole","150","Verizon @ 150'","Sprint @ 140'",,,,,,,
"Bridgeport","*** Main Street","rooftop",,"MetroPCS @ 130'",,,,,,,,
"Stamford","*** Shippan Avenue","rooftop",,"MetroPCS @ 100'",,,,,,,,
"Wallingford","*** Quinnipiac Street","smoke stack","123'","Cingular @ 118'","T-Mobile @ 103'","Verizon @ 85'",,,,,,
"Montville","Chapel Hill Rd.","self-supporting lattice","180","town @ var. hts.","cl&p @ var.","Dish @ 110'",,,,,,
"Danbury","*** Newtown Road","rooftop",,"MetroPCS @ 62'","T-Mobile @ 62'",,,,,,,
"Greenwich","** East Putnam Avenue","rooftop","202'11""-204""","Cingular @ 67'",,,,,,,,
"Woodbury","*** Minortown Road","monopole","100","Sprint @ 100'","Verizon @ 110'","Cingular @ 80'/213'","Dish @ 68'",,,,,
"Stratford","*** Oronoque Lane","utility pole","37","Verizon @ 37.5'",,,,,,,,
"New Milford","* Old Town Park Road","power mount","160","Cingular @ 175'",,,,,,,,
"Cheshire","**** Byam Road","rooftop","20'",,,,,,,,,
"Wilton","*** Deer Run Road","self-supporting lattice","130'","Cingular @ 110'","T-Mobile @ 120'","Verizon @ 100'","Nextel @ 88'","WBC/Town @ 123, 130",,,,
"New Britain","** Wildwood Street","light pole","110'","Cingular @ 110'","T-Mobile @ 100'","Verizon @ 90'","Dish @ 80'",,,,,
"Bethel","** Stony Hill Road","utility pole","35","AT&T @ 35'",,,,,,,,
"Glastonbury","*** Bell Street","self-supporting lattice","90","greater Hftd cable @ 85'","town @ 75'","Cingular @ 88'","Verizon @ 100'","MetroPCS/T-Mobile @ 65'","Dish @ 55'",,,
"Stamford","* Metro Center (* Station Place)","rooftop","130' msl","Nextel @ 143'","Verizon @ 112'","Sprint @ 144'",,,,,,
"Hartford","**** Park Street","smokestack",,"Cingular @ 83'",,,,,,,,
"Greenwich","*** Round Hill Road-tower A","monopole/stick","115","Verizon PCS @ 110'","Verizon cellular @ 100'","Cingular/AT&T @ 90'","Verizon @ 94' - 114'",,,,,
"West Haven","*** Derby Avenue","rooftop flagpole","49","T-Mobile @ 50'",,,,,,,,
"Groton","** Groton Long Point Rd","self-supporting lattice","140","Verizon @ 140'","Cingular @ 133'","Nextel @ 90'",,,,,,
"Bristol","*** Willis St","self-supporting lattice","120","Verizo @112'",,,,,,,,
"North Stonington","*C Reutemann Road","silo",,,,,,,,,,
"Clinton","*** Killingworth Turnpike","self-supporting lattice","130",,,,,,,,,
"Lebanon","*** Exeter Road","monopole","150","Verizon @ 140'",,,,,,,,
"Hartford","*** Garden Street","rooftop",,"T-Mobile @ 45'",,,,,,,,
"Stamford","**** East Main Street","rooftop",,"MetroPCS",,,,,,,,
"Southington","*** Robert Porter Road","water tank","113'","T-Mobile @ 110'",,,,,,,,
"Meriden","*** South Broad Street","smokestack",,"Sprint @ 100'","Nextel @ 85'","Cingular/AT&T @ 95'","MetroPCS @ 94'",,,,,
"East Hampton","*** Young Street","monopole","140","Cingular @ 120'","Verizon @ 140'","T-Mobile @130'",,,,,,
"Middletown","*** Preston Ave","monopole","150","T-Mobile @ 140'","Sprint @ 130'","Verizon @ 110'","Cingular @ 150'","Diah @ 90",,,,
"Bridgeport","*** Granfield Avenue","utility pole","36","AT&T @ 36'",,,,,,,,
"Putnam","** Industrial Park Drive","self-supporting lattice","196","Cingular/AT&T @ 186'","Verizon @ 176'","Dish @ 166'",,,,,,
"Haddam","*** Hubbard Road","monopole","160","MetroPCS @ 157'",,,,,,,,
"Woodstock","Perrin Rd","guyed lattice","80","tele-media @ 75'",,,,,,,,
"Newington","*** Pane Road","small cell","37","Verizon @ 37'",,,,,,,,
"Danbury","*** White Street","rooftop mounted","60","T-Mobile @ 65'",,,,,,,,
"Norwich","*** Elizabeth Street","rooftop",,"MetroPCS @ 50'",,,,,,,,
"Waterford","* Palmer Road","silhouette pole","88","Cingular/AT&T @ 85/79'","goshen fd @ 65'","MetroPCS @ 87'",,,,,,
"Bloomfield","**** Blue Hills Avenue","steeple",,"T-Mobile @ 93'",,,,,,,,
"New London","Montauk Avenue","utility pole","37","Verizon @ 37'",,,,,,,,
"Bridgeport","*** Pine St","self-supporting lattice","250","T-Mobile @ 180'","metricom @ 124'","Nextel @ 96'","Verizon @ 110'","MetroPCS new york @ 126'","Sprint/Nextel @ 240'","AT&T @ 138'","Dish @ 162'",
"Granby","* Upper Meadow Road","monopole","150","Cingular/AT&T @ 150'","Verizon @ 137'","Dish @ 125'","AT&T @ 135'","T-Mobile @ 115'",,,,
"Trumbull","Video Lane (*** Booth Hill Road)","guyed lattice","486","T-Mobile @ 244'","Verizon @ 232'/238'","wedw-dtv @ 360'","mediaflo @ 299'","DRW NX@ 450'","Dish @ 186'",,,
"Manchester","Hale Road","utility pole","35","Verizon @ 35.3'",,,,,,,,
"Shelton","Mohegan Road","power mount","79","ui @ 79'",,,,,,,,
"Westport","***A Bayberry La.","monopole","140","Cingular @ 100'","T-Mobile @ 130'","Verizon @ 77'","town @ 140'","Cingular/AT&T @ 110'","cl&p @ 150'","Dish @ 77'",,
"Darien","*** Ledge Rd/*** Ledge","monopole","120","Verizon @ 98'","Cingular @ 86'","Nextel @ 73'","Sprint @ 120'","T-Mobile @ 110'","clearwire @ 73'",,,
"New Haven","*** Pond Lily Avenue","billboard","28","AT&T @ 28'",,,,,,,,
"Madison","*** Ridge Road","monopole","150","T-Mobile @ 147'","Dish @ 99'","Verizon @ 130'",,,,,,
"Winchester","** Oakdale Ave. (*** Oakdale/* Stowe Rd)","monopole","180","Cingular @ 184'/150'","Cingular/AT&T @ 150'","Verizon @ 125'",,,,,,
"North Haven","** Devine Street","monopole","130","MetroPCS @ 117'","AT&T @ 107'","Verizon @ 130'","Dish @ 96'",,,,,
"Branford","*** Pine Orchard Road","monopole","125","T-Mobile @ 122'","AT&T @ 112'","Verizon @ 102'","Dish @ 80",,,,,
"Waterbury","*** Mulloy Road","billboard",,"T-Mobile @ 64'",,,,,,,,
"Brookfield","*** Pocono Road","monopole","150","Verizon @ 148'","DISH @ 130'",,,,,,,
"Newtown","* Primrose Street","small cell","27","Verizon @ 40'",,,,,,,,
"Stratford","** Stonybrook Road","monopole","120","T-Mobile @ 87' and 97'","Verizon @ 77'","AT&T @ 110' and 120'","Dish @ 107'",,,,,
"Durham","***R Creamery Road","monopole","110","Sprint @ 100'","Verizon @ 110'","Dish @ 34'",,,,,,
"Naugatuck","*** Sheridan Drive","water tower",,"Sprint @ 55'",,,,,,,,
"Andover","*** Route *","monopole","150","Cingular/AT&T @ 150'","T-Mobile @ 140'","Verizon @ 130'","DISH @ 120'",,,,,
"Pomfret","** Babbit Hill","monopole","168","Nextel @ 167'","Sprint @ 157'","T-Mobile @ 137'","Cingular @ 147'","Verizon @ 125'",,,,
"Middlefield","** Powder Hill Road","rooftop",,"Verizon @ 40'",,,,,,,,
"Shelton","*** Huntington Street (** Lobsterback Rd)","water tank",,"Verizon @ 84'","T-Mobile @ 74'","Sprint @78'",,,,,,
"New Canaan","**** ponus Ridge Road","monopine","110","AT& @ 106'","Verizon @ 95'",,,,,,,
"Canton","* Market Street","rooftop",,"Cingular @ 86'",,,,,,,,
"Hartford","***-*** Homestead Ave","monopole","140","Verizon @ 138'","T-Mobile @ 125'","Cingular @ 117'","Sprint @ 104'","DISH@ 93'",,,,
"West Hartford","*** Prospect Street","rooftop","55'","Cingular @ 61'","T-Mobile @ 49'",,,,,,,
"Norwich","*** Yantic Lane","monopole","110","Verizon @ 110'",,,,,,,,
"East Lyme","*** Main Street","rooftop",,"T-Mobile @ 55'",,,,,,,,
"Easton","*** Morehouse Road","monopole","150","Verizon @ 145'","AT&T @ 135'","T-Mobile @ 123","DISH @ 113",,,,,
"Columbia","** Thompson Hill Road","monopole","180","Cingular/AT&T @ 140'","T-Mobile @ 160'","Verizon @ 150'",,,,,,
"Bloomfield","Cottage Grove Road","utility pole","24","Verizon @ 30.75'",,,,,,,,
"West Haven","*** Saw Mill Road","in-building IP access",,"T-Mobile",,,,,,,,
"Shelton","*** Bridgeport Avenue","rooftop",,"Verizon @ 75'",,,,,,,,
"Bristol","** East Main Street","rooftop",,"AT&T @ 91'","Verizon @ 78'","Sprint @ 57'",,,,,,
"Tolland","*** Merrow Road","utility pole","23","Verizon @ 23.5'",,,,,,,,
"Orange","*** Orange Center Rd/ High Plains CC","monopole","160","Sprint @ 136'","Verizon @ 158'","Nextel @ 169'","Cingular @ 146'","T-Mobile @ 123'","Dish @ 136'",,,
"Stamford","*** Wardwell Street","utility pole","36","Verizon @ 36'",,,,,,,,
"Colchester","** Old Hartford Rd. (Troop K)","self-supporting lattice","100","necs/dps @ 98'","T-Mobile @ 97'","Verizon @85'",,,,,,
"Ridgefield","** Catoonah Street","monopole","65","Cingular @ 58'",,,,,,,,
"Meriden","*** Lewis Avenue","rooftop",,"Cingular @ 50'","T-Mobile @ 51'","Sprint @ 55'",,,,,,
"Portland","** High Street","monopole","120'","T-Mobile @ 110'","clearwire @ 105'",,,,,,,
"Trumbull","**** Main Street","rooftop",,"T-Mobile @ 77'",,,,,,,,
"Clinton","** East Main Street","self-supporting lattice","67","T-Mobile @ 60'","Verizon @ 50'",,,,,,,
"New Britain","** Clinic Drive","small cell","32","Verizon @ 30.7'",,,,,,,,
"Brookfield","** Silvermine Road",,"4 @ 20'",,,,,,,,,
"East Hampton","*** Champion Hill","guyed lattice","250'",,,,,,,,,
"Ansonia","*** East Main Street","rooftop",,"Nextel @ 66'",,,,,,,,
"Harwinton","*** Weingart Rd","monopole","180","Cingular @ 180'","Verizon @ 170'","clearwire @ 145'",,,,,,
"Brooklyn","*** Brown Road","monopole","150","Cingular/AT&T @ 147'","T-Mobile @ 137'","Verizon @ 127'","Dish @ 138'",,,,,
"Bethel","* Stony Hill Rd","power mount","140","Nextel @ 156'","Cingular/AT&T @ 145'",,,,,,,
"Danbury","** Lake Avenue Extension","light pole","25'","AT&T @ 22' &25'",,,,,,,,
"Branford","** Sylvia Street","monopole","125","Cingular @ 100'","T-Mobile @ 122.5'","MetroPCS @ 112'",,,,,,
"East Lyme","Stone Ranch Military Res/ Pump House Hill Rd","self-supporting lattice","140","dps @ 140'","fbi @ 100'","T-Mobile @ 113'",,,,,,
"Killingly","*** Main Street","rooftop small cell","57","Verizon @ 64'",,,,,,,,
"East Haddam","*** Town Street","self-supporting lattice","45",,,,,,,,,
"West Haven","** Treat Street","rooftop",,"T-Mobile @ 30'",,,,,,,,
"Greenwich","Indian Field Road/I-** overpass","utility  pole","43","AT&T @ 42'",,,,,,,,
"Chaplin","*** Palmer Road (Lot **)","monopole","150","Verizon @ 150'","Sprint @ 120'","Cingular @ 127'","T-Mobile @ 116'",,,,,
"Easton","*** Everett Road","monopole","158","Cingular/AT&T @ 118'","Sprint @ 158'","Verizon @ 128'","DISH @ 108'",,,,,
"North Haven","* Dwight St.","monopole","150","T-Mobile @ 130'","Cingular/AT&T @ 140'",,,,,,,
"Granby","** Petersen Road","power mount","100","Cingular @ 100'",,,,,,,,
"Enfield","* Anngina Drive","small cell","14","Verizon @ 21'",,,,,,,,
"Hamden","**** State Street","monopole","140","T-Mobile @ 132.5'","Verizon @ 136'",,,,,,,
"Hebron","** Main Street","self-supporting lattice","100'",,,,,,,,,
"Bloomfield","** East Dudley Town Road","water tank","150'","Cingular @ 125'","Sprint @ 124'","T-Mobile @ 125'",,,,,,
"New Haven","*** N. Frontage Road","rooftop",,"T-Mobile @ 154'",,,,,,,,
"Bristol","** Princeton Drive","water tank",,"AT&T @ 100'","Verizon @ 100'","T-Mobile @ 90'",,,,,,
"Naugatuck","*** Coen Street","church steeple",,"T-Mobile @ 61'",,,,,,,,
"Woodbridge","**** Johnson Road at Oak Lane Country Club(* Country Club Road)","power mount","81","T-Mobile @ 88'",,,,,,,,
"West Hartford","**** Albany Avenue","church cupola",,"Verizon",,,,,,,,
"Milford","****-**** Boston Post Road","monopole","115","Verizon @ 112'","AT&T @ 100","T-Mobile @ 88'",,,,,,
"Guilford","**** Long Hill Road","monopole","180","Sprint @ 177.5'","T-Mobile @ 128'","Verizon @ 145'","AT&T @ 167'",,,,,
"Waterbury","*** Sheffield Street","monopole","160","Cingular @ 137'","Verizon @ 147'","Nextel @ 127'","Dish @ 158'",,,,,
"Hamden","**** Dixwell Avenue","o-flagpole","100","T-Mobile @ 100'",,,,,,,,
"New Haven","**** Townsend Avenue","rooftop",,,,,,,,,,
"Danbury","** Lake Avenue","rooftop",,"MetroPCS/T-Mobile @ 47.5'",,,,,,,,
"Wallingford","*** Church Street","power mount","80","Cingular/AT&T @ 86/92'",,,,,,,,
"Norwalk","** Day Street","rooftop","50","T-Mobile @ 56'",,,,,,,,
"Stonington","* Cove Road","utility pole","30",,,,,,,,,
"Shelton","**** Bridgeport Avenue","rooftop","73","Verizon @ 73'",,,,,,,,
"Waterbury","*** Meadow St","rooftop","40","Cingular @ ?",,,,,,,,
"Southington","*** Hobart Drive","power mount","100'","T-Mobile @ 97'",,,,,,,,
"Bristol","Jasmine Street","utility pole","30","Verizon @ 30'",,,,,,,,
"Danbury","** Backus Avenue","utility pole","41","AT&T @ 40.5'",,,,,,,,
"New Haven","***-*** Grand Avenue","stealth rooftop chimney",,"Sprint @ 52'",,,,,,,,
"Enfield","Town Farm Rd (Ecology Drive)","guyed lattice","190","continental cablevision @ 185'","town @ various hts.","Dish @ 155'",,,,,,
"Westport","** Riverside Ave","rooftop","69' 8""","Cingular @ 69'","T-Mobile @ 57'","Verizon @ 73.2'",,,,,,
"Windham","*** Tower Road","water tower","73.8'","Cingular @ 64'","Verizon @ 73.8'",,,,,,,
"Windsor","*** Windsor Avenue","utility pole","26","Verizon @ 26'",,,,,,,,
"Branford","** Block Island Road","utility pole","22","Verizon @ 22'",,,,,,,,
"Waterbury","*** Highland Avenue","church steeple",,"Verizon @ 25'",,,,,,,,
"Meriden","** Willow Street","rooftop",,"Cingular @ 131'","Cingular/AT&T @ 130'","Nextel @ 142'8""",,,,,,
"South Windsor","Ellington Road","utility pole","36","Verizon @ 36'",,,,,,,,
"Southington","Queen Street","utility pole","35","Verizon @ 35'",,,,,,,,
"Greenwich","East Elm Street","utility pole","32","Verizon @ 32'",,,,,,,,
"Stamford","*** Highridge Road","rooftop","70","Sprint @ 69.5'",,,,,,,,
"Wallingford","** Wayne Road","self-supporting lattice","80","Cingular @ 70/80'","Verizon @ 65/73'","pagenet @ 55'","Cingular/AT&T @ 87'",,,,,
"Torrington","**** Highland Avenue","guyed lattice","260","Nextel @ 200'","lac @ 205'","marcus @ 60/100'","Cingular @ 245'",,,,,
"Redding","** Wayside Lane","other (flagpole)","120","Cingular/AT&T @ 117/109'","T-Mobile @ 84'",,,,,,,
"Mansfield","* North Eagleville Road","church steeple",,"Verizon @ 85'","AT&T @ 66'",,,,,,,
"Somers","Route *** and *th District Road/*** Main Street","monopole","190","Sprint @ 187'","Cingular/AT&T @ 168'","T-Mobile @ 155'","Verizon @ 178'","town @ 115'/128/194'","MetroPCS @ 150'",,,
"Hamden","*** Benham St","guyed lattice","92","Verizon @ 64'","Cingular @ 54'","T-Mobile @ 70'",,,,,,
"Meriden","*** East Main St","gas station sign","62","Verizon @ 48'",,,,,,,,
"Monroe","*** Guinea Rd (*** Guinea Road)","guyed lattice","140","housatonic catv @ 120'","crown @ 55/65/73/90'","Verizon @ 103/140'","pagenet @ 25/75/141'",,,,,
"New Haven","*** Prospect Street","rooftop",,"Verizon @ 56'","new Cingular @ 63'2""","Sprint @ 60'",,,,,,
"Cromwell","*** West Street","monopole","54","T-Mobile @ 51'",,,,,,,,
"Willington","** Turnpike Road","monopole","170","Cingular/AT&T @ 170'","T-Mobile @ 159'","Cingular @ 170'","Dish @ 149'",,,,,
"Newington","*** Willard Ave","monopole","180","Nextel @ 120'","Verizon @ 110'","Cingular/AT&T @ 160'","Sprint @ 140'","town @ 185'","clearwire @ 160'",,,
"Sterling","* Exeter Drive","monopole","140","Verizon @ 137'","Cingular @ 127'","T-Mobile @ 120'","DISH @ 95'",,,,,
"Simsbury","*** Grist Mill Road","monopole","150","Cingular @ 150'","Verizon @ 140'","Nextel @ 130'","Sprint @ 120'","T-Mobile @ 110'","nesm @ 100'","town @ 90'","MetroPCS @ 133'","Dish @ 110'"
"Hartford","*** Wethersfield Avenue","light pole","30'","A&T @31' 6""",,,,,,,,
"Lebanon","*** Goshen Hill Road","other (flagpole)","156","Cingular/AT&T @ 130'",,,,,,,,
"New Britain","** Franklin Square","rooftop","45","Verizon @ 52'",,,,,,,,
"Hartford","*** Bartholomew Avenue","rooftop",,"Verizon @ 58.1'",,,,,,,,
"Groton","*** Welles Road","monopole","120","Sprint @ 120'",,,,,,,,
"Meriden","**** East Main Street","rooftop","43","Verizon @ 43'",,,,,,,,
"Hartford","*** Maple Avenue","rooftop",,"T-Mobile @ 52'",,,,,,,,
"New Haven","**** Whalley Avenue","rooftop","58'","T-Mobile @ 67'","Verizon @ 58'",,,,,,,
"Wethersfield","*** Silas Deane Hwy","monopole","120","Verizon @ 90'","MetroPCS @ 105'",,,,,,,
"Manchester","*** Olcott St.","self-supporting lattice","200","Sprint @ 120'",,,,,,,,
"Hamden","Pine Rock Avenue","utility pole","34","Verizon @ 34'",,,,,,,,
"Mansfield","*** Bolton Road (Nathan Hale Inn)","rooftop",,"Cingular @ 60'","Verizon @ 47'",,,,,,,
"Killingworth","*** Route **","self-supporting lattice","100","American Messaging Service",,,,,,,,
"Norwich","*** Old Salem Road","power mount","88","Sprint @ 83'",,,,,,,,
"New London","*** Bank Street","rooftop  mounted monopole","73","Verizon @ 70",,,,,,,,
"Plainfield","** East Main St","sign","87' 6""",,,,,,,,,
"Wilton","** Cannon Road","power mount","100","Cingular/AT&T 2 105'",,,,,,,,
"New Hartford","**** Litchfield Turnpike","other (bell tower)","125","Verizon @ 112'","Cingular @ 102'",,,,,,,
"Colchester","** Westchester St","monopole","180","Verizon @ 167'","Cingular/AT&T @ 159'","Dish @ 147'",,,,,,
"Canterbury","** Westminster Road","monopole","180","Verizon @ 170'","Cingular/AT&T @ 160'","Dish @ 141'",,,,,,
"Middletown","**** South Main St","monopole","158","Verizon @ 156'","Sprint/clearwire @ 147'","T-Mobile 137'","Nextel @ 125'","MetroPCS @ 116'","Cingular @ 157'","Dish @ 97'",,
"Hartford","** Woodland Street","rooftop",,"T-Mobile @ 118'",,,,,,,,
"Danbury","** Newtown Road","utility pole","36","AT&T @ 36'",,,,,,,,
"Oxford","*** Oxford Road","monopole","150","Cingular @ 137'","Verizon @ 147'","Dish @ 127'",,,,,,
"Montville","** Cook Street","guyed lattice","180","Cingular @ 177'","Verizon @ 168'","T-Mobile @ 150'","Nextel @ 140'",,,,,
"Avon","** Ridgewood Road","water tank","66","Cingular @ 55'","Verizon @ 66'",,,,,,,
"Salisbury","*** Lime Rock Road (Site *)","small cell","21","Verizon @ 25'",,,,,,,,
"Waterford","*** Boston Post Road","utility pole","36","Verizon @ 36.5'",,,,,,,,
"Barkhamsted","* Old Farm Road","monopole","145","Verizon @ 145'","Cingular @ 135'","T-Mobile @ 125'",,,,,,
"New Britain","*** Osgood Avenue","steeple",,"T-Mobile @ 70'",,,,,,,,
"Farmington","Rattlesnake Mountain/*** Colt Highway","guyed lattice","1292","united cable@ 500'","Verizon @ 240'/87'","xm @ 460'","Sprint @ 160'","Cingular @ 140'","mediaflo @1132'",,,
"Watertown","**** Main Street","utility pole","32","Verizon @ 32'",,,,,,,,
"Bridgeport","*** Grant Street","rooftop",,"Verizon @ 144'","Sprint @ 140'",,,,,,,
"Norwalk","* Charles Marshall Dr","power mount","95","T-Mobile @ 104/114'","Sprint @ 103'",,,,,,,
"South Windsor","*** Sand Hill Road","monopole","190","Cingular @ 170'","Verizon @ 140'","T-Mobile @ 160'","Nextel @ 150'","MetroPCS @ 180'","DISH @ 150'",,,
"Hampton","*** Main Street","steeple",,"Cingular @ 55'",,,,,,,,
"Fairfield","*** Old Academy Road","church steeple","90","T-Mobile @ 80'",,,,,,,,
"Rocky Hill","*** Corporate Place","in-building IP access",,"T-Mobile",,,,,,,,
"Danbury","* West View Drive","self-supporting lattice","133","T-Mobile @ 50'",,,,,,,,
"Norwalk","*** Newtown Avenue","utility pole","27","Verizon @ 27.5'",,,,,,,,
"Colchester","Buckley Hill Rd","self-supporting lattice","200","dot @ 200'",,,,,,,,
"Bethel","** Francis J. Clarke Circle","monopole","155","Nextel @ 146'","Cingular/AT&T @ 125'","Sprint @ 157'","Verizon @ 136'","T-Mobile @ 117'",,,,
"Derby","*** Division Street","rooftop",,"Verizon @ 30'",,,,,,,,
"Bridgeport","Vine Street","utility pole","36","Verizon @ 36.5'",,,,,,,,
"Darien","** Thorndal Circle","in-building IP access",,"T-Mobile",,,,,,,,
"Greenwich","*** Riversville Rd","monopole","150","Cingular @ 150'","Nextel @ 107'","Verizon @ 140'","T-Mobile @ 162'","Dihs @ 132'",,,,
"Glastonbury","** Woodland Street","monppole or monopine","150","T-Mobile @ 146'","AT&T @ 136'","Dish @ 125'","Verizon @ 115'",,,,,
"Durham","Wallingford Road","utility pole","37","Verizon @ 37'",,,,,,,,
"Stamford","*** Long Ridge Road","rooftop",,"Sprint",,,,,,,,
"Cheshire","*** Mixville Road","smokestack",,"Cingular @ 91'","T-Mobile @ 89'",,,,,,,
"Hamden","*** Denslow Hill Road","guyed lattice","200","Dish @ 185",,,,,,,,
"Prospect","*** Waterbury Road","guyed lattice","195","Cingular/AT&T @ 148/140'","T-Mobile @ 130'",,,,,,,
"West Hartford","Mountain Road","utility pole","31","Verizon @ 31.5'",,,,,,,,
"New London","*** Broad Street","rooftop","64.5'","Verizon @ 58'",,,,,,,,
"Bridgeport","*** Newfield Ave.","billboard",,"Sprint @ 69.2'",,,,,,,,
"Vernon","Union Street","utility pole","31","Verizon @ 31'",,,,,,,,
"Bridgeport","**** North Avenue","rooftop",,"Cingular @ 100'","Sprint @ 98'","Nextel @ 100'","MetroPCS @ 90'",,,,,
"Hamden","**** Wintergreen Ave (West Rock Park)(**** Wintergreen)","self-supporting lattice","195","Nextel @ 150'","MetroPCS @ 160'","clearwire @ 140'",,,,,,
"Waterford","** Manitok Hill Rd (aka Rock Ridge Road)","self-supporting lattice","137","Nextel @ 127'","Cingular/AT&T @ 97'","Verizon @ 107'","T-Mobile @ 117'","Sprint @ 137'","Dish @ 87'",,,
"Groton","Navy Exchange","in-building IP access",,"T-Mobile",,,,,,,,
"Avon","** Redwood Lane","monopole","105","T-Mobile @ 105'","Cingular/AT&T @ 100'","MetroPCS @ 77'","Sprint @ 87'","Dish @ 65'",,,,
"New Canaan","*** South Avenue (Waveny Park)","water tank",,"Cingular @ 119'","Sprint @ 122'","T-Mobile @ 82/133'","Verizon @ 122'","Nextel @ 134'",,,,
"Trumbull","** Nutmeg Drive","in-building",,"T-Mobile",,,,,,,,
"Stamford","**** Washington Blvd","rooftop",,"Verizon @ 134'",,,,,,,,
"Orange","Hunting Hill Place","power mount","100","T-Mobile @ 112'",,,,,,,,
"Bolton","** South Street","monopole","120","Cingular/AT&T @ 120'","MetroPCS @ 99'","Verizon @ 107'","Dish @ 89'",,,,,
"North Branford","** Reeds Gap Rd","self-supporting lattice","85","Verizon @ 85'","Nextel @ 80'","Cingular/AT&T @ 68'","Verizon @ 95'",,,,,
"Hartland","*** Hartland Boulevard","monopole","120","Cingular @ 120'",,,,,,,,
"East Hartford","*** Riverside Drive","rooftop",,"Verizon @ 87'",,,,,,,,
"Stratford","**** Broadbridge Ave","rooftop","64' 6""","T-Mobile @ 63'",,,,,,,,
"Brookfield","** Greys Bridge Road",,"20'",,,,,,,,,
"Hartford","** Webster Street","rooftop","50'","T-Mobile @ 48'","MetroPCS @ 40'",,,,,,,
"Fairfield","** Walls Drive","rooftop",,"T-Mobile @ 59'","Cingular @ 20'",,,,,,,
"East Haven","** Commerce Street","monopole","70","Nextel @ 67'",,,,,,,,
"Manchester","*** Chapel Road","rooftop",,"Sprint",,,,,,,,
"Burlington","Johnnycake Mountain","self-supporting lattice","100'",,,,,,,,,
"Stamford","*** High Ridge Road","steeple",,"Cingular @ 45'","T-Mobile @ 63'",,,,,,,
"Portland","Gospel Lane","utility pole","35","Verizon @ 35'",,,,,,,,
"Bridgewater","*** Second Hill Road","monopole","160","AT&T @ 157'","Dish @ 145'",,,,,,,
"Danbury","*** Main Street","rooftop","46","Verizon @ 45.5'",,,,,,,,
"New London","** Washington St.","building mounted lattice tower","204","Cingular @ 192","Sprint @ 170'",,,,,,,
"Bethel","** Shelley Road","power mount","78","Sprint @ 93'",,,,,,,,
"Stonington","** Mechanic Street","o-flagpole","150","Cingular/AT&T @ 129/135'","T-Mobile @ 100'",,,,,,,
"Glastonbury","Paxton Way","monopole","150","Sprint @ 147'",,,,,,,,
"Tolland","Merrow Road","utility pole","45","Verizon @ 45'",,,,,,,,
"Hartford","*** Bloomfield Avenue","rooftop","65'","Cingular @ 65'","T-Mobile @ 49'","Verizon @ 57.5'",,,,,,
"Hartford","*** Capitol Ave","building mount","90","American Messaging Service",,,,,,,,
"Old Saybrook","*** Ingham Hill Rd","monopole","150","Cingular @ 150'","T-Mobile @ 162'","Verizon @ 122'",,,,,,
"Windsor Locks","** Ella Grasso Turnpike","woodpole","34","AT&T @35'",,,,,,,,
"East Granby","** South Main Street","monopole","97","Cingular/AT&T @ 77'","T-Mobile @ 87'","Verizon @ 67'","MetroPCS @ 82'","Dish @ 48'",,,,
"Bolton","** Carpenter Road","monopole","140","AT&T @110'","T-Mobile @ 127'","Verizon @ 139'","Sprint @ 117'","MetroPCS @ 97'",,,,
"Cromwell","***, ***, ***, and ***R Main street","monopole","120","Verizon @ 120'",,,,,,,,
"Montville","*** Butlertown","guyed lattice","195","Cingular @ 170'",,,,,,,,
"Stratford","**** Huntington Road","small cell","14","Verizon @ 21.3'",,,,,,,,
"Stamford","*** Long Ridge Road","in-building IP access",,"T-Mobile",,,,,,,,
"New Haven","*** Washington Avenue","rooftop",,,,,,,,,,
"Granby","** North Granby Road","monopole","150","Nextel @ 150'","T-Mobile @ 120'","Cingular @ 140'","Cingular/AT&T @ 100'",,,,,
"Sharon","* Surdan Mountain Road","self-supporting lattice","195","Cingular @ 173'","T-Mobile @ 140'","Verizon @ 160'",,,,,,
"Norwalk","*** Main Avenue (** Glover Avenue)","rooftop/in-building",,"T-Mobile",,,,,,,,
"Waterbury","Reidville Drive","utility pole","31","Verizon @ 31'",,,,,,,,
"Stamford","*** Long Ridge Road","rooftop",,"Verizon",,,,,,,,
"Putnam","** Front Street","rooftop",,"T-Mobile @ 57'","Verizon @ 58'",,,,,,,
"Fairfield","*** Morehouse Road","self-supporting lattice","84","Cingular/AT&T @ 84'","Sprint @ 101'","T-Mobile @ 95'",,,,,,
"West Haven","* Campbell Avenue","rooftop",,"T-Mobile @ 118'",,,,,,,,
"East Windsor","*** Prospect Hill Road","water tower","83' 6""","Cingular @ 75'","Verizon @ 88'","Sprint @ 78'","T-Mobile @ 95'",,,,,
"Hartford","*** Windsor Street","rooftop","80'","Cingular @ 80'","MetroPCS/T-Mobile @ 55'","Sprint @ 65'",,,,,,
"Hartford","*** Broad Street","rooftop",,"Sprint @ 102'/92'",,,,,,,,
"West Hartford","**** New Britain Ave","self-supporting lattice","180","T-Mobile @ 165'","Nextel @ 155'","Cingular @ 180'",,,,,,
"Monroe","*** Moose Hill Road (*** Moose Hill Road)","monopole","150","Nextel @ 107.5'","T-Mobile @ 117'","Sprint @ 150'","Cingular @ 137.5'","town @ 150'","DISH @ 110'",,,
"East Hartford","*** Hills Street","monopine","110","AT&T @ 100'","EHFD @ 110'","Verizon @ 90'","DISH @ 80'",,,,,
"Stamford","*** Glenbrook Road","monopole","75","cl&p @ 78' and 60'","yankee gas @ 70'",,,,,,,
"Southington","*** Queen Street","utility pole","35","Verizon @ 35.8'",,,,,,,,
"West Haven","*** Campbell Avenue","rooftop",,"T-Mobile @ 148'","Sprint @ 140'",,,,,,,
"East Lyme","King Arthur Drive","AcCELLerator","90","T-Mobile @ 97'",,,,,,,,
"New Britain","*** Osgood Avenue (*** Slater Road)","rooftop",,"Cingular/AT&T @ ?",,,,,,,,
"Rocky Hill","** (**) Inwood Road","monopole","180","Cingular @ 167'","Nextel @ 180'",,,,,,,
"Meriden","** Elm St.","rooftop","70","Verizon @ 68'","Dish @ %^'",,,,,,,
"Manchester","*** Olcott Street","power mount","155","Cingular @ 165'","MetroPCS @ 144'",,,,,,,
"Windsor","*** Northfield Drive","in-building IP access",,"T-Mobile",,,,,,,,
"Westbrook","**** Boston Post Road","monopole","130'","Verizon @ 126","AT&T @ 115","T-Mobile @ 104",,,,,,
"Guilford","*** Church Street","self-supporting lattice","40'",,,,,,,,,
"Wolcott","*** East Street","self-supporting lattice","180","Verizon @ 180'","Cingular @ 160'","T-Mobile @ 190'",,,,,,
"Greenwich","Butternut Hollow Rd","self-supporting lattice","180","Verizon @ 100'/130'","dps @ 177'/105'","Cingular @ 150'","cl&p @ 165'","T-Mobile @ 130'",,,,
"Naugatuck","* (***) Conrad Street","water tank","75'","T-Mobile @ 67'","Sprint @ 85'",,,,,,,
"Westbrook","*** Spencer Plains Rd","self-supporting lattice","180","dot @ 175'","dps @ 180'","Cingular @ 150'","valley shore comm @ 120'","T-Mobile @ 135'","Sprint @ 140'",,,
"Newtown","** Main Street","church steeple",,"Sprint @ 58'","T-Mobile @ 74'","MetroPCS @ 57'",,,,,,
"Wolcott","*** Central Avenue","monopole","120",,,,,,,,,
"Windsor","*** Windsor Ave","power mount","110","Sprint @ 123'",,,,,,,,
"Enfield","**** King Street","monopole","150","Cingular @ 148'","clearwire @ 140'","GOGO @ 101' & 110'",,,,,,
"Middletown","*** DeKoven Drive","rooftop","168'","Cingular @ ?",,,,,,,,
"New Haven","** Warren Street","rooftop",,"T-Mobile @ 64'",,,,,,,,
"Redding","*** Black Rock Turnpike","monopole","150","AT&T @ 150'","town antennas @ var.","Verizon @ 140'","AT&T @ 145'",,,,,
"Newington","*** West Hill Road","utility pole","36","Verizon @ 36'",,,,,,,,
"Westport","** Jesup Road","monopole","100",,,,,,,,,
"Waterbury","** Wolcott Road","church steeple",,"Cingular @ 69'",,,,,,,,
"New Haven","*** (***) Whalley Avenue","rooftop",,"T-Mobile @ 67'","Verizon @ 45'","AT&T @ 57'",,,,,,
"Greenwich","* Greenwich Plaza - Arch Street","rooftop","51'-100'","Cingular @ 102'","T-Mobile @ 74'","Verizon @ 100'","Nextel @ 80'","clear wireless @ 85'",,,,
"East Hartford","May Road","utility pole","26","Verizon @ 26'",,,,,,,,
"South Windsor","*** Pleasant Valley Road","monopole","174","Verizon @ 130'",,,,,,,,
"Stonington","** Summit Street","water tank",,"Cingular @ 110'","Verizon @ 140'","T-Mobile @ 120'",,,,,,
"Hartford","** Farmington Avenue","rooftop",,"Cingular @ 181'",,,,,,,,
"Cromwell","West Street","rooftop","16'",,,,,,,,,
"Oxford","** Great Oak Road","monopole","150","Cingular/AT&T @ 130'","Verizon @ 140'","Sprint @ 150'","DISH @ 117'",,,,,
"Lisbon","*** River Road","billboard","195","T-Mobile @ 65'",,,,,,,,
"Manchester","*** Main Street","rooftop",,"T-Mobile @ 50'",,,,,,,,
"Chester","* High Street","semi self supporting","42",,,,,,,,,
"Bristol","Jasmine Street","utility pole","30","Verizon @ 30'",,,,,,,,
"Middlefield","*** Jackson Hill Road","monopole","150","Cingular/AT&T @ 98'","Nextel @ 148'","Verizon @ 138'","town @ 108'","Dish @ 98'",,,,
"Newtown","* Ferris Road","monopole","120","Sprint @ 108'","Verizon @ 98'","Cingular/AT&T @ 88'",,,,,,
"New London","** Debiasi Drive","rooftop","52","Verizon @ 48'",,,,,,,,
"Westport","**** Post Road East","rooftop","28","Verizon @ 38'",,,,,,,,
"New London","Ocean Avenue","utility pole","37","Verizon @ 37'",,,,,,,,
"Stratford","*** Access Road","rooftop","49' 8""","T-Mobile @ 54'",,,,,,,,
"East Windsor","** Chamberlain Rd","water tower","123","Sprint @ 104'","Verizon @ 116'","MetroPCS @ 116'","T-Mobile @ 104'",,,,,
"Plainville","* Central Square (**-** East Main Street)","monopole","85'","Verizon @  81'",,,,,,,,
"Groton","** Cathedral Heights","steeple",,"T-Mobile @ 68'",,,,,,,,
"Windsor","Rood Avenue","power mount","148","T-Mobile @ 164'",,,,,,,,
"Fairfield","**** Easton Turnpike","rooftop","81",,,,,,,,,
"Greenwich","*** East Putnam Avenue","utility pole","36","AT&T @ 36'",,,,,,,,
"Meriden","** West Peak Dr","self-supporting lattice","150","Verizon @ 98'6""","Sprint @ 60'","T-Mobile @ 130'","Nextel @ 115'",,,,,
"New Canaan","Oak Street","utility pole","24","Verizon @ 24'",,,,,,,,
"Old Saybrook","Middlesex Turnpike (RT. *)/*** Bokum Rd. - North","guyed lattice","198","T-Mobile @ 167'8""/155'8""","Verizon @ 120'",,,,,,,
"Tolland","*** Reed Road","monopole","150","Nextel @ 148'","T-Mobile @ 137.5'",,,,,,,
"Hartford","** Elliott Street","rooftop",,"T-Mobile @ 50'",,,,,,,,
"West Hartford","*** North Main Street","rooftop","73'","Cingular @ 78'","Sprint @ 100'","T-Mobile @ 102'",,"Nextel @ 80'",,,,
"Milford","*** Seaside Avenue","rooftop",,,,,,,,,,
"Waterbury","*** Store Avenue","rooftop","60'","Cingular @ 63'","T-Mobile @ 55'","Sprint 55'",,,,,,
"Southbury","*** Upper Fish Rock Road","monopole","100","Verizon @ 100'","town @ 100'","AT&T @ 96'","Dish @ 78",,,,,
"Waterbury","***-*** Mill Street","rooftop","69'","Verizon @ 69'",,,,,,,,
"New Haven","*** Howard Avenue","rooftop",,,,,,,,,,
"Stamford","*** Old Long Ridge Road","self-supporting lattice","152","Sprint @ 128'","Nextel @ 119'","Cingular/AT&T @ 148'","T-Mobile @ 108'","Verizon @ 98'","DIsh @ 108'",,,
"Southington","Lake Compounce Amusement Park Campground","small cell","22","Verizon @ 26.4'",,,,,,,,
"New Haven","Foxon Boulevard","utility pole","38","Verizon @ 38'",,,,,,,,
"Coventry","*** Bread and Milk Street","monopole","175","Cingular/AT&T @ 162'","T-Mobile @ 172'","DISH @ 153'",,,,,,
"Woodstock","*** Norwich Worcester Tpke, Woodstock fairgrounds","wood utility pole","30","Verizon @ 30'",,,,,,,,
"Glastonbury","**** (****) New London Turnpike","monopole","154'","Sprint @ 150'","MetroPCS @ 140'","clearwire @ 130'","Dish @ 137'",,,,,
"Killingworth","Rt **","guyed lattice","370","storer @ 370'",,,,,,,,
"Old Lyme","*** (**) Short Hills Road","monopole","180","Nextel @ 160'","Verizon @ 161'",,,,,,,
"Southington","**** Meriden-Waterbury Rd (Route ***)","monopole","150","Nextel @ 138'","Verizon @ 138'","Cingular/AT&T @ 158'","T-Mobile @ 128'","MetroPCS @ 119'",,,,
"Manchester","** Mitchell Drive","self-supporting lattice","170","marcus @ 170'","Verizon @ 100'","T-Mobile @ 140-ft","DISH @ 170'",,,,,
"Suffield","*** East Street South","monopole","165'","T-Mobile @ 165'","Verizon @ 155'","MetroPCS @ 145'","dish @ 126'",,,,,
"Stafford","*** (***) Stafford Street","monopole","150","Sprint @ 120'","Verizon @ 127'",,,,,,,
"Bridgeport","*** Maplewood","rooftop",,"T-Mobile @ 68'","Verizon @ 128/123'",,,,,,,
"Farmington","**** Farmington Avenue","rooftop","84'","Verizon @ 84'",,,,,,,,
"New Haven","*** Ferry Street","rooftop",,"Verizon @ 75'",,,,,,,,
"Woodbridge","**** Litchfield Turnpike","rooftop",,"Sprint @ 47'",,,,,,,,
"New Milford","*** Kent Road","church steeple","88'9""","Sprint @ 78'",,,,,,,,
"Middletown","**** Saybrook Road","monopole","150","T-Mobile @ 110'","Cingular @ 130'","Nextel @ 102'","Verizon @ 142'","Dish @ 121'",,,,
"Meriden","**-** S. Vine Street","smokestack/rooftop",,"Sprint @ 60'",,,,,,,,
"Middletown","** Training Hill Road","utility pole","37","Verizon @ 37'",,,,,,,,
"Tolland","* Barbara Rd/** Ruops Road","monopole","150","Cingular @ 150'","Sprint @ 130'","T-Mobile @ 160'","Cingular/AT&T @ 110'","Nextel @ 120'","Verizon @ 142'","Dish @ 93'",,
"New Britain","*** Martin Luther King Drive","rooftop",,"T-Mobile @ 90'",,,,,,,,
"Stamford","** Station Place","rooftop",,"Cingular @ 75'",,,,,,,,
"Griswold","*** (***) Bishop Crossing Road","silo",,"T-Mobile @ 62'",,,,,,,,
"Lyme","** Gungy Road/*** Beaver Brook Road","monopole","180","AT&T @ 177'",,,,,,,,
"Darien","* Raiders Lane","in-building IP access",,"T-Mobile",,,,,,,,
"Norwalk","** Norden Place","smokestack",,"Sprint @ 100'",,,,,,,,
"Ansonia","** West Main Street",,"45'",,,,,,,,,
"Plainville","** West Main Street","self-supporting lattice","80'","T-Mobile @ 77'",,,,,,,,
"North Branford","** Commerce Drive","monopole","155","T-Mobile @ 155'","Cingular @ 145'","Verizon @ 132'","Dish @ 120'",,,,,
"Middlebury","Intersection of Straits Turnpike and Park Road","utility pole","38","Verizon @ 38'",,,,,,,,
"Bridgeport","Madison Avenue","utility pole","32","Verizon @ 31.5'",,,,,,,,
"Salem","*** Witch Meadow Rd","monopole","197","Cingular @ 186'","Cingular/AT&T @ 175'","Sprint @ 195'","T-Mobile @ 175'",,,,,
"Old Lyme","*** Mile Creek Road","monopole","170","Verizon @ 157.5'","Cingular @ 137.5'","T-Mobile @ 170'",,,,,,
"Manchester","** Adams Street","monopole","140","pagenet @ 140'","Verizon @ 90'","Cingular @ 125'","Sprint @ 115'","Nextel @ 100'","T-Mobile @ 135'","DISH @ 100'",,
"Danbury","* East Gate Road","utility pole","25","Verizon @ 25.2'",,,,,,,,
"Stamford","**** Summer Street","rooftop",,"Sprint @ 98'","T-Mobile @ 107'","MetroPCS @ 120.5'",,,,,,
"Berlin","*** Harding Street","smokestack",,"Sprint @ 73'",,,,,,,,
"Milford","*** Bridgeport Ave","monopole","100","Cingular @ 100'/73'","Sprint/Nextel @ 80' & 90'","DISH @ 93'",,,,,,
"Simsbury","** Albany Turnpike","rooftop","32","Verizon @ 32'",,,,,,,,
"Danbury","** Padanaram Road","monopole","145","T-Mobile @ 128'","Verizon @ 118'","AT&T @ 140'","DISH @ 130'",,,,,
"Bridgeport","*** Savoy Street","utility pole","23","AT&T @ 23'",,,,,,,,
"Fairfield","**** Kings Highway","rooftop",,"MetroPCS @ 72'",,,,,,,,
"Bridgeport","*** Newfield Avenue","billboard",,"T-Mobile @ 10'",,,,,,,,
"Hartford","*** Brainard Road","smokestack","110'","T-Mobile @ 103'",,,,,,,,
"Farmington","*** Colt Highway (Rattlesnake Mountain)","guyed lattice","120","T-Mobile @112'",,,,,,,,
"Southbury","Cassidy Rd. (Southbury Training School)","self-supporting lattice","180","dps @ ?",,,,,,,,
"Hamden","*** Evergreen Avenue","silo","108","Cingular @ 85'","Sprint @ 75'","Verizon @ 95'","MetroPCS @ 65'","T-Mobile @ 104'","DISH @ 65'",,,
"Derby","** Divison Street","rooftop",,"Verizon @ 30'",,,,,,,,
"Middletown","*** Hunting Hill Avenue","rooftop",,"T-Mobile @ 70'","Sprint @ 60'","Verizon @ 53'",,,,,,
"Wilton","Route */Pimpewaug Road","power mount","105","T-Mobile @ 112'",,,,,,,,
"East Lyme","** Brainerd Road","monopole","170","AT&T @ 167'","Verizon @ 147'","T-Mobile @ 157'","DISH @ 135'",,,,,
"Madison","**** Durham Road (Rt **)","monopole","120","Cingular/AT&T @ 120'",,,,,,,,
"Hartford","*** Market Street","small cell","40'","Verizon @ 38'",,,,,,,,
"Newington","*** Costello Road","monopole","115","Verizon @ ?","Cingular @ 105'","T-Mobile @ 95'",,,,,,
"Branford","*** Pine Orchard Road","utility pole","36","Verizon @ 36.4'",,,,,,,,
"Cromwell","*** Corporate Road","in-building IP access",,"T-Mobile",,,,,,,,
"Orange","** South Orange Center Road","monopole","180","Sprint @ 127'","Verizon @ 117'","Cingular @ 177'","Nextel @ 137'","T-Mobile @ 148'","DISH @ 167",,,
"East Hartford","**** Forbes St","monopole","130","Verizon @ 108'","Sprint @ 97'","T-Mobile @ 85'","Cingular/AT&T @ 120'","Dish @ 77",,,,
"Canaan","** Railroad Street","pole","23'",,,,,,,,,
"Norwalk","*** Main street","utility pole","34'","AT&T @ 36'",,,,,,,,
"Seymour","** (**) Rimmon Street","monopole","150'","MetroPCS @ 138'",,,,,,,,
"Hartford","*** Capitol Ave. (State Office Bldg.)","building mount","90","necs @ 63'","dps @ 80'",,,,,,,
"New Haven","*** Lloyd Street","utility pole","27","AT&T @ 26.58'",,,,,,,,
"Monroe","*** Main Street","monopole","195","Cingular/AT&T @ 140'","T-Mobile @ 195'","Verizon @ 160'",,,,,,
"Manchester","*** Utopia Road","rooftop",,"Sprint",,,,,,,,
"Meriden","*** Pratt Street","rooftop",,"Cingular @ 82'",,,,,,,,
"Trumbull","*** (**) Merrimac Dr.","water tank","45","AT&T @ 44'","T-Mobile @ 46'","Verizon @ 43.8'",,,,,,
"East Haven","*** Commerce Street","monopole","57","Cingular/AT&T @ 57'","T-Mobile @ 47'",,,,,,,
"New London","*** Montauk Avenue","rooftop",,"T-Mobile @ 81'",,,,,,,,
"Bridgeport","*** Main Street","rooftop",,"Cingular @ 100'","Sprint @ 127'","T-Mobile @ 100'",,,,,,
"Thompson","** Lowell Davis Rd","guyed lattice","250","tele-media @ 245'","Cingular @ 205'","conn-2 @ 235'","Verizon @ 180/190/237/227'",,,,,
"Stratford","**** Main Street","rooftop","68' 4""","Sprint @ 98'","Nextel @ 63'","Verizon @ 57'",,,,,,
"Bristol","Morris Avenue","utility pole","36","Verizon @ 35'",,,,,,,,
"Rocky Hill","*** Orchard Street","utility pole","18","Verizon @ 18'",,,,,,,,
"Windsor","**** Matianuck Avenue","monopine","110","Cingular @ 108'","clearwire @ 87'","T-Mobile @ 87'",,,,,,
"Danbury","West Street","utility pole","37","Verizon @ 37'",,,,,,,,
"New Haven","*** Chapel Street (*** East Street)","rooftop",,"T-Mobile @ 71'","AT&T @ 67'",,,,,,,
"Killingly","Westcott Rd","self-supporting lattice","140","dps @ 140'","quinn. Valley emerg @ 50'",,,,,,,
"Bloomfield","*** Blue Hills Avenue","monopole","110","Verizon @ 110","clearwire @ 95'",,,,,,,
"Enfield","*** Bright Meadow Road, bldg. *","rooftop",,"T-Mobile @ 75'",,,,,,,,
"Guilford","*** Boston Post Road","small cell","23","Verizon @ 30'",,,,,,,,
"Montville","*** Sharp Hill Road","self-supporting lattice","100","Dish @ 75'",,,,,,,,
"South Windsor","** McGuire Road","monopole","150","Sprint @ 150'","Cingular @ 120'","T-Mobile @ 140'",,,,,,
"Bridgeport","West Avenue","utility pole","24","Verizon @ 24'",,,,,,,,
"Norwalk","*** Connecticut Ave","monopole","150","Cingular @ 150'",,,,,,,,
"Enfield","** Elm Street, Space **D","in-building IP access",,"T-Mobile",,,,,,,,
"Greenwich","Sound Shore Drive (CL&P #****)","self-supporting lattice with power mount","150","AT&T @ 160'",,,,,,,,
"Hartford","*** Retreat Avenue","rooftop","118'","Cingular @ 125'","Sprint @ 118'","Verizon @ 117.5'","T-Mobile @ 118'",,,,,
"Greenwich","*** Riversville Road","Church spire","85'2""","Sprint @ 68'","Verizon @ 60'","AT&T @ 49'",,,,,,
"Meriden","***-*** West Main Street","monopole","100","Cingular/AT&T @ 100'","T-Mobile @ 88'","Nextel @ 80'","Verizon @ 65'","DISH @ 55'",,,,
"East Hartford","*** Sunset Ridge","self-supporting lattice","140'","T-Mobile @ 120'","AT&T @ 110'",,,,,,,
"North Branford","** Ciro Road","monopole","170","Cingular/AT&T @ 147'","T-Mobile @ 167'","Nextel @ 157'","Dish @ 90'",,,,,
"Windsor","** Pine Lane","monopole","150","Cingular @ 150'","Nextel @ 80'","town @ 156'","Sprint @ 110'","Dish @ 98",,,,
"Waterbury","*** Hill Street","utility pole","36","AT&T @ 36'",,,,,,,,
"Glastonbury","**** Main Street","small cell","29","Verizon @ 28'",,,,,,,,
"Newtown","*** Berkshire Road (Rt. **)","monopole","150","Sprint @ 107.5'","T-Mobile @ 97.5'","town @ 150'","Dish @ 85'",,,,,
"Wallingford","** Gaylord Farm Road","water tank",,"T-Mobile @ 124'",,,,,,,,
"West Haven","* Ocean Avenue","small cell","28","Verizon @ 32'",,,,,,,,
"Westport","* Hales Road","utility pole","36","AT&T @ 35.6'",,,,,,,,
"Eastford","** Old Route **","guyed lattice","193","Nextel @ 166'","Sprint @ 180'","Verizon @ 194'",,,,,,
"Stamford","*** High Ridge Road","utility pole","38","Verizon @ 38'",,,,,,,,
"Glastonbury","** Birch Mtn Rd","self-supporting lattice","140","Cingular @ 130'",,,,,,,,
"Plainfield","**** Norwich Road","monopole","150","T-Mobile @ 140'","Verizon @ 140'",,,,,,,
"Shelton","** Church Street","steeple",,"Cingular @ 55'",,,,,,,,
"East Haven","**** North High Street","rooftop guyed lattice tower","45","verizon @ 75'",,,,,,,,
"Stratford","***B Hawley Lane (#***)","power mount","120","Sprint @ 120'",,,,,,,,
"Stamford","Greyrock Place","utility pole","32","Verizon @ 32'",,,,,,,,
"Southington","*** Executive Boulevard","small cell","73'8""","Verizon @ 77'9""",,,,,,,,
"West Hartford","*** Shield Street","utility pole","34","Verizon @ 34'",,,,,,,,
"New Britain","*** South Main Street","rooftop",,"T-Mobile @ 49'",,,,,,,,
"Wolcott","**** Wolcott Road","self-supporting lattice","350","Nextel @ 200'","Cingular @ 185'","clearwire @ 212'","MetroPCS @ 222'","Dish @ 341'","Dish @ 148'",,,
"Waterbury","*** Mark Lane","utility pole","30","AT&T @ 30'",,,,,,,,
"Vernon","** Main Street","water tank","137","Cingular @ 119'","T-Mobile @ 116'","Verizon @ 107'","MetroPCS @ 115'",,,,,
"North Stonington","**A Pendleton Hill (Routes ** & I-**)","guyed lattice","100","AT&T @ 95'",,,,,,,,
"Manchester","*** Porter Street","utility pole","16","Verizon @ 16'",,,,,,,,
"New Britain","** Martin Luther King Drive","rooftop",,"Nextel @ 107'",,,,,,,,
"Fairfield","*** Jefferson Street","rooftop","210'","Cingular @ 52'","Sprint @ 65'","T-Mobile @ 49/68'","Verizon @ 65'","Nextel @ 65'","MetroPCS @ 63'",,,
"Waterbury","**-** Porter Street","billboard",,"Sprint",,,,,,,,
"Stamford","**** East Main Street","utility pole","36","AT&T @ 36'",,,,,,,,
"Ridgefield","*** Ethan Allen Highway","other - flagpole","100","Sprint @ 80'","Cingular/AT&T @ 70'","T-Mobile @ 85'","Dish @ 82'",,,,,
"Preston","*** Pierce Road","monopole","150","Sprint @ 150'","Cingular/AT&T @ 140'","Dish @ 119'",,,,,,
"Greenwich","Hillside Road","utility pole","31","Verizon @ 31'",,,,,,,,
"Mansfield","*** Storrs Road","self-supporting lattice","30",,,,,,,,,
"Ledyard","*** Vinegar Hill Rd","self-supporting lattice","180","coastal catv @ 110'","dot @ 170'","necs @ 176'","dot,fbi ! 66-180'","T-Mobile @ 187'","Cingular @ 196'",,,
"Windsor","*** Hayden Station Road","monopole","85","T-Mobile @ 75'","Cingular/AT&T @ 98'","Dish @ 65",,,,,,
"Milford","**** Boston Post Road","s-flagpole","88","Cingular @ 47'","Verizon @ 82.5/76.5'","T-Mobile @ 72'",,,,,,
"Enfield","*** Enfield Street","flagpole","100","Cingular @ 95' and 85'",,,,,,,,
"South Windsor","*** Foster Street","rooftop","70'",,,,,,,,,
"Bristol","*** Center Street","steeple",,"Cingular @ 86'",,,,,,,,
"Greenwich","**** East Putnam Avenue","rooftop","35'-47'8""","T-Mobile @ 50&74'","Verizon @ 46.9'","Nextel @ 52.5'","Sprint @ 51'","Dish @ 44'",,,,
"Bolton","*** Vernon Rd","guyed lattice","150","Sprint @ 148'","T-Mobile @ 130'",,,,,,,
"North Branford","Youngs Apple Orchard Rd.","self-supporting lattice","130","Sprint @ 126.5'","T-Mobile @ 138'","DISH @ 83'",,,,,,
"Franklin","* Tyler Drive","self-supporting lattice","180","town @ 180+'","AT&T @ 168'","T-Mobile @ 155'",,,,,,
"Hartford","** Columbus Boulevard","smokestack/rooftop","110'","Cingular @ 65'","Sprint @ 140'","Verizon @ 110'",,,,,,
"Stamford","** Blachley Road","water tank",,"T-Mobile @ 85'","Sprint @ 82'","AT&T @ 83'",,,,,,
"New Haven","**** Whalley Avenue","rooftop",,,,,,,,,,
"Winchester","*** Platt Hill Road","self-supporting lattice","242","Nextel @ 242'","Sprint @ 222'","DISH @ 154'","AT&T @ 170'",,,,,
"Danbury","* Backus Avenue","rooftop",,"Nextel @ ?","T-Mobile @ 58'",,,,,,,
"Middletown","*** Main Street","rooftop","62","Verizon @ 62'",,,,,,,,
"Glastonbury","**** Main St.","self-supporting lattice","169","Cingular @ 165'","Nextel @ 128'",,,,,,,
"Southington","*** Main Street","utility pole","36","Verizon @ 37'",,,,,,,,
"New Haven","*** Winchester Avenue","rooftop",,"T-Mobile @ 75'",,,,,,,,
"Manchester","Manchester Community College - off Ramey Drive","Light Pole","37","AT&T @ 36'",,,,,,,,
"Waterford","*** Vauxhall Street Ext.","water tower","117'","T-Mobile @ 110'",,,,,,,,
"Plainville","*** South Washington","monopole","120","Cingular @ 120'","Verizon @ 110'","T-Mobile @ 100'","MetroPCS @ 76'",,,,,
"Middlebury","* Larkin (I-** at South Ave. overpass)","self-supporting lattice","160","Cingular @ 135'","dps @ 57-160'","Sprint @ 97'","T-Mobile @ 125'","Verizon @ 75'",,,,
"Madison","* Old Route **/* Meetinghouse Lane","monopole","150","Cingular/AT&T @ 110'","Verizon @ 140'","Cingular @ 130'","T-Mobile @ 120'","Sprint @ 96'","MetroPCS @ 86'",,,
"Greenwich","*** Greenwich Avenue","steeple",,"T-Mobile @ 56'",,,,,,,,
"East Windsor","** School Street","guyed lattice",,,,,,,,,,
"Milford","**** Boston Post Road","utility pole","37","Verizon @ 37'",,,,,,,,
"Norwalk","*** Main Avenue","rooftop",,"MetroPCS/T-Mobile @ 106'",,,,,,,,
"New Fairfield","** Misty Brook Lane","in-building IP access",,"T-Mobile",,,,,,,,
"New Haven","*** Washington Avenue","utility pole","38","Verizon @ 38'",,,,,,,,
"North Stonington","*** Norwich Westerly Road (Rt. *)","monopole","150","Cingular/AT&T @ 107'","T-Mobile @ 147'","Verizon @ 137'","emf broadcasting @ 92'","Dish @ 127'",,,,
"Groton","** Skyview Terrace","Water Standpipe","67'","Cingular @ 80'","T-Mobile @ 67'","Nextel @ 82'",,,,,,
"Windsor","*** Prospect Hill Road","monopole","135","T-Mobile @ 130'","Dish @ 115'","Verizon @ 105'",,,,,,
"Old Lyme","**-* Buttonball Road","monopole","100","T-Mobile @ 97'","Dish @ 74'",,,,,,,
"Old Lyme","*** Whippoorwill Rd.","guyed lattice","100","Cingular @ 93'","Verizon @ 78'",,,,,,,
"Norwalk","Norwalk Harbor Station","smokestack","185","cl&p @ ?",,,,,,,,
"New Milford","** Boardman Road","monopole","150","Sprint @ 150'","Nextel @ 140'","Cingular @ 120'","Verizon @ 130'",,,,,
"New Haven","*** State Street","rooftop",,"AT&T @ 58'",,,,,,,,
"West Hartford","** Buena Vista Road","small cell","39","Verizon @ 44.9'",,,,,,,,
"Stamford","*** Main Street","rooftop",,"Sprint @ 142'",,,,,,,,
"Hamden","*** Mix. Ave.","wood utility pole","79","ui @ 79'",,,,,,,,
"New Britain","Loon Lake Rd, aka No. Mtn Rd","monopole","118","T-Mobile @ 108'","T-Mobile @ 108'","AT&T @ 100'","Verizon @ 90'","Dish @ 62'",,,,
"Middletown","*** Roscommon Drive","rooftop",,"Sprint @ 62'/54'",,,,,,,,
"Glastonbury","*** Birch Mountain Rd","self-supporting lattice","199","T-Mobile @ 177'","Cingular/AT&T @ 130'","Nextel @ 180'","DRW @190'",,,,,
"Roxbury","** Lower County Rd.","self-supporting lattice","180","AT&T @ 130'","Verizon @ 163'","Nextel @ 177'","snet @ 118'",,,,,
"Tolland","*** Merrow Road","utility pole","36","Verizon @ 36'",,,,,,,,
"Old Saybrook","*** Ferry Road","lattice-power mount",,"Cingular @ 195'",,,,,,,,
"Westport","** Weston Road","utility pole","24","Verizon @ 24'",,,,,,,,
